event,player,country,position,minutes_played,goals,assists,top_speed,distance,shots,shots_on_target,shots_off_target,shots_blocked
Euro 2024,Mitaj,Albania,Defender,270,0,0,32.1,30.8,1,0,1,0
Euro 2024,Djimsiti,Albania,Defender,270,0,0,30,29.8,2,0,2,0
Euro 2024,Asllani,Albania,Midfielder,270,0,0,29.6,36.1,8,3,2,3
Euro 2024,Arlind Ajeti,Albania,Defender,270,0,0,29.4,28,0,0,0,0
Euro 2024,Strakosha,Albania,Goalkeeper,270,0,0,24.2,15.7,0,0,0,0
Euro 2024,Ramadani,Albania,Midfielder,265,0,0,30.2,37.5,0,0,0,0
Euro 2024,Bajrami,Albania,Midfielder,248,1,0,34.8,29.1,3,1,1,1
Euro 2024,Asani,Albania,Forward,214,0,1,31.4,26.4,4,1,1,2
Euro 2024,Hysaj,Albania,Defender,180,0,0,31.8,20.7,2,0,1,1
Euro 2024,Laci,Albania,Midfielder,165,1,0,31.9,21.8,1,1,0,0
Euro 2024,Manaj,Albania,Forward,156,0,0,31.5,18.4,3,2,0,1
Euro 2024,Broja,Albania,Forward,109,0,0,33.1,12.9,2,2,0,0
Euro 2024,Seferi,Albania,Midfielder,94,0,0,33.6,11.3,1,1,0,0
Euro 2024,Balliu,Albania,Defender,90,0,0,31.6,10.7,0,0,0,0
Euro 2024,Hoxha,Albania,Forward,46,0,0,33.2,7.5,2,1,1,0
Euro 2024,Berisha,Albania,Forward,19,0,0,28.6,3.1,1,0,0,1
Euro 2024,Gjasula,Albania,Midfielder,18,1,0,25.2,2.9,2,1,0,1
Euro 2024,Muci,Albania,Midfielder,11,0,0,28.3,2.9,0,0,0,0
Euro 2024,Daku,Albania,Forward,5,0,0,31.3,1.5,1,0,0,1
Euro 2024,Sabitzer,Austria,Midfielder,360,1,0,33.2,43.9,12,3,2,7
Euro 2024,Posch,Austria,Defender,360,0,1,31.6,44.1,7,3,2,2
Euro 2024,Seiwald,Austria,Midfielder,360,0,0,32.3,45.4,1,1,0,0
Euro 2024,Pentz,Austria,Goalkeeper,360,0,0,27.3,23.6,0,0,0,0
Euro 2024,Baumgartner,Austria,Midfielder,289,1,1,31.5,36.4,8,4,4,0
Euro 2024,Arnautovic,Austria,Forward,280,1,0,32.4,30.9,4,3,0,1
Euro 2024,Laimer,Austria,Midfielder,271,0,0,33.4,33.3,2,0,2,0
Euro 2024,Lienhart,Austria,Defender,216,0,0,32.5,24.7,2,0,1,1
Euro 2024,Danso,Austria,Defender,211,0,0,33.3,24.5,1,0,1,0
Euro 2024,Mwene,Austria,Defender,196,0,1,32.2,22.5,0,0,0,0
Euro 2024,Grillitsch,Austria,Midfielder,192,0,1,30.8,24.9,5,2,1,2
Euro 2024,Wober,Austria,Defender,175,0,0,33.1,21.2,0,0,0,0
Euro 2024,Prass,Austria,Midfielder,164,0,2,32.6,21.5,1,0,1,0
Euro 2024,Schmid,Austria,Midfielder,144,1,0,31.7,18.4,1,1,0,0
Euro 2024,Wimmer,Austria,Midfielder,138,0,0,33.5,16.5,3,2,0,1
Euro 2024,Gregoritsch,Austria,Forward,125,1,0,31.2,15.1,4,2,1,1
Euro 2024,Trauner,Austria,Defender,90,1,0,30.9,10.9,1,1,0,0
Euro 2024,Querfeld,Austria,Defender,28,0,0,26,3.3,0,0,0,0
Euro 2024,Weimann,Austria,Forward,1,0,0,26.8,0.8,0,0,0,0
Euro 2024,De Bruyne,Belgium,Midfielder,360,1,0,32,45.5,10,6,3,1
Euro 2024,Casteels,Belgium,Goalkeeper,360,0,1,26.7,21.9,0,0,0,0
Euro 2024,Onana,Belgium,Midfielder,360,0,0,34.4,43.5,3,1,2,0
Euro 2024,Faes,Belgium,Defender,360,0,0,32.8,39,0,0,0,0
Euro 2024,Lukaku,Belgium,Forward,359,0,1,33.5,34,11,8,1,2
Euro 2024,Castagne,Belgium,Defender,358,0,0,33.3,45.5,0,0,0,0
Euro 2024,Doku,Belgium,Midfielder,323,0,0,34.4,33.6,6,1,1,4
Euro 2024,Vertonghen,Belgium,Defender,270,0,0,30.3,27.3,1,0,1,0
Euro 2024,Theate,Belgium,Defender,257,0,0,32.7,27.3,2,0,1,1
Euro 2024,Carrasco,Belgium,Forward,218,0,0,32.1,27.5,6,1,0,5
Euro 2024,Trossard,Belgium,Midfielder,170,0,0,34.7,21.7,3,1,1,1
Euro 2024,Tielemans,Belgium,Midfielder,150,1,0,31.2,18.9,4,1,1,2
Euro 2024,Mangala,Belgium,Midfielder,130,0,0,29.5,17.1,0,0,0,0
Euro 2024,Debast,Belgium,Defender,103,0,0,27.9,12.2,0,0,0,0
Euro 2024,Openda,Belgium,Forward,70,0,0,34.4,9,0,0,0,0
Euro 2024,Lukebakio,Belgium,Forward,64,0,0,32,8.2,3,1,0,2
Euro 2024,Bakayoko,Belgium,Forward,46,0,0,32.4,6.6,3,0,2,1
Euro 2024,De Ketelaere,Belgium,Forward,2,0,0,29.3,0.7,0,0,0,0
Euro 2024,Sutalo,Croatia,Defender,270,0,0,34.5,30.7,1,0,1,0
Euro 2024,Gvardiol,Croatia,Defender,270,0,0,34.5,30.7,2,0,1,1
Euro 2024,Livakovic,Croatia,Goalkeeper,270,0,0,26.4,14.2,0,0,0,0
Euro 2024,Kramaric,Croatia,Forward,245,1,0,31.4,31.4,4,2,1,1
Euro 2024,Modric,Croatia,Midfielder,235,1,0,31.1,27.3,5,2,1,2
Euro 2024,Brozovic,Croatia,Midfielder,225,0,0,31.3,32.7,2,1,1,0
Euro 2024,Kovacic,Croatia,Midfielder,225,0,0,30.6,27.6,6,3,2,1
Euro 2024,Pongracic,Croatia,Defender,180,0,0,34.6,20.7,0,0,0,0
Euro 2024,Stanisic,Croatia,Defender,180,0,0,33.8,21.5,1,0,0,1
Euro 2024,Majer,Croatia,Midfielder,145,0,0,30.9,21.6,2,0,1,1
Euro 2024,Sucic,Croatia,Midfielder,140,0,0,29,18.6,3,2,0,1
Euro 2024,Perisic,Croatia,Midfielder,138,0,0,32.3,18.1,4,1,1,2
Euro 2024,Budimir,Croatia,Midfielder,122,0,2,30.7,15.8,4,1,3,0
Euro 2024,Pasalic,Croatia,Midfielder,115,0,0,31.7,15.7,3,0,3,0
Euro 2024,Juranovic,Croatia,Defender,91,0,0,32.5,11.7,0,0,0,0
Euro 2024,Petkovic,Croatia,Forward,87,0,0,28.3,9.4,4,1,1,2
Euro 2024,Ivanusec,Croatia,Forward,20,0,0,25.5,3.9,0,0,0,0
Euro 2024,Sosa,Croatia,Defender,6,0,0,32,1.3,0,0,0,0
Euro 2024,Baturina,Croatia,Midfielder,6,0,0,31.1,1.6,1,1,0,0
Euro 2024,Soucek,Czechia,Midfielder,270,1,0,30.3,37.1,2,1,1,0
Euro 2024,Coufal,Czechia,Defender,270,0,1,31.6,35.2,0,0,0,0
Euro 2024,Hranac,Czechia,Defender,270,0,0,33.9,30.5,2,0,1,1
Euro 2024,Krejci,Czechia,Defender,270,0,0,32.4,32.9,4,1,2,1
Euro 2024,Holes,Czechia,Defender,269,0,0,34.7,30.8,1,0,0,1
Euro 2024,Provod,Czechia,Midfielder,235,1,0,34.2,28.6,3,2,0,1
Euro 2024,Stanek,Czechia,Goalkeeper,235,0,0,23.1,15.4,0,0,0,0
Euro 2024,Jurasek,Czechia,Defender,162,0,0,35.1,18.4,4,2,2,0
Euro 2024,Schick,Czechia,Forward,128,1,0,30.4,15.6,7,4,1,2
Euro 2024,Hlozeck,Czechia,Forward,110,0,0,34,13.8,4,4,0,0
Euro 2024,Chytil,Czechia,Forward,107,0,0,30.6,13.1,2,0,2,0
Euro 2024,Kuchta,Czechia,Forward,95,0,0,27.6,13.1,0,0,0,0
Euro 2024,Doudera,Czechia,Defender,90,0,0,33.5,11.3,0,0,0,0
Euro 2024,Lingr,Czechia,Forward,80,0,1,29.4,12.8,5,1,3,1
Euro 2024,Sulc,Czechia,Midfielder,79,0,0,30.8,10.7,1,0,0,1
Euro 2024,Cerny,Czechia,Forward,55,0,0,32.5,7.2,2,1,0,1
Euro 2024,Jurasek,Czechia,Midfielder,44,0,0,31.3,7.1,4,2,1,1
Euro 2024,Barak,Czechia,Midfielder,40,0,0,30,6.5,0,0,0,0
Euro 2024,Chory,Czechia,Forward,36,0,0,32.1,4.9,1,0,0,1
Euro 2024,Kovar,Czechia,Goalkeeper,35,0,0,20.9,2.4,0,0,0,0
Euro 2024,Sevcik,Czechia,Midfielder,20,0,0,28.6,4,1,0,0,1
Euro 2024,Andersen,Denmark,Defender,360,0,0,31.1,39.8,3,0,3,0
Euro 2024,Vestergaard,Denmark,Defender,360,0,0,29.2,36.9,4,2,1,1
Euro 2024,Schmeichel,Denmark,Goalkeeper,360,0,0,27.2,17.1,0,0,0,0
Euro 2024,Hojbjerg,Denmark,Midfielder,353,0,0,32.2,41.2,7,4,1,2
Euro 2024,Christensen,Denmark,Defender,351,0,0,33.7,35.5,4,0,3,1
Euro 2024,Eriksen,Denmark,Midfielder,350,1,0,30.5,44.9,12,2,3,7
Euro 2024,Hojlund,Denmark,Forward,290,0,0,35.5,32.9,6,4,1,1
Euro 2024,Maehle,Denmark,Defender,282,0,0,32.2,37.8,1,0,1,0
Euro 2024,Bah,Denmark,Defender,281,0,0,33.6,35.9,2,0,1,1
Euro 2024,Hjulmand,Denmark,Midfielder,248,1,0,29.9,30.3,5,2,2,1
Euro 2024,Wind,Denmark,Forward,194,0,1,34.3,20.3,5,1,2,2
Euro 2024,V. Kristiansen,Denmark,Defender,157,0,1,34.3,20.3,1,0,0,1
Euro 2024,Skov Olsen,Denmark,Forward,122,0,0,32.9,16.4,1,0,0,1
Euro 2024,Delaney,Denmark,Midfielder,83,0,0,31,11.6,0,0,0,0
Euro 2024,Poulsen,Denmark,Forward,53,0,0,31.6,8.7,0,0,0,0
Euro 2024,Dolberg,Denmark,Forward,38,0,0,29.3,6,0,0,0,0
Euro 2024,Norgaard,Denmark,Midfielder,36,0,0,30.3,6.7,0,0,0,0
Euro 2024,Damsgaard,Denmark,Forward,33,0,0,28.3,4.3,1,1,0,0
Euro 2024,Bruun Larsen,Denmark,Forward,9,0,0,34.7,2.1,0,0,0,0
Euro 2024,Rice,England,Midfielder,690,0,1,32,85.7,9,3,3,3
Euro 2024,Walker,England,Defender,690,0,0,34.8,74.8,0,0,0,0
Euro 2024,Stones,England,Defender,690,0,0,32.3,71.7,1,0,0,1
Euro 2024,Pickford,England,Goalkeeper,690,0,0,30.7,41.6,0,0,0,0
Euro 2024,Bellingham,England,Midfielder,671,2,1,33.5,75.2,6,3,1,2
Euro 2024,Saka,England,Forward,635,1,1,33.5,69.9,8,1,3,4
Euro 2024,Foden,England,Midfielder,622,0,0,33.1,79.5,13,4,5,4
Euro 2024,Kane,England,Forward,605,3,0,32,70.4,18,6,4,8
Euro 2024,Guehi,England,Defender,570,0,1,32.8,61.8,1,0,0,1
Euro 2024,Trippier,England,Defender,453,0,0,31.3,52.9,1,0,1,0
Euro 2024,Mainoo,England,Midfielder,370,0,0,30.5,45.8,5,0,1,4
Euro 2024,Shaw,England,Defender,177,0,0,34.2,20,0,0,0,0
Euro 2024,Palmer,England,Midfielder,144,1,1,31.8,19.7,3,2,1,0
Euro 2024,Alexander-Arnold,England,Defender,134,0,0,32,17.2,4,1,2,1
Euro 2024,Gallagher,England,Midfielder,118,0,0,33.3,16.2,0,0,0,0
Euro 2024,Eze,England,Forward,99,0,0,32,12.7,2,0,2,0
Euro 2024,Konsa,England,Defender,94,0,0,34.2,9.8,0,0,0,0
Euro 2024,Watkins,England,Forward,59,1,0,32.4,8.5,3,2,0,1
Euro 2024,Toney,England,Forward,43,0,1,29.3,5.2,1,0,1,0
Euro 2024,Bowen,England,Forward,35,0,0,29.3,5.2,0,0,0,0
Euro 2024,Gordon,England,Forward,1,0,0,28.5,0.7,0,0,0,0
Euro 2024,T. Hernandez,France,Defender,570,0,0,35.7,62.5,4,2,2,0
Euro 2024,Kounde,France,Defender,570,0,0,34.1,66.6,1,0,0,1
Euro 2024,Upamecano,France,Defender,570,0,0,33,62.5,3,0,3,0
Euro 2024,Saliba,France,Defender,570,0,0,32.8,59.3,2,0,2,0
Euro 2024,Maignan,France,Goalkeeper,570,0,0,32.7,33.5,0,0,0,0
Euro 2024,Kante,France,Midfielder,513,0,0,33.8,63.4,5,2,1,2
Euro 2024,Tchouameni,France,Midfielder,471,0,0,31.3,55.7,13,2,5,6
Euro 2024,Mbappe,France,Forward,464,1,2,36.5,42.7,24,9,9,6
Euro 2024,Griezmann,France,Forward,393,0,0,31.3,45.4,13,4,4,5
Euro 2024,Rabiot,France,Midfielder,374,0,0,31.9,45.7,3,0,3,0
Euro 2024,Dembele,France,Forward,364,0,0,34.5,40.1,8,1,4,3
Euro 2024,Thuram,France,Forward,261,0,0,34,29.9,12,2,9,1
Euro 2024,Kolo Muani,France,Forward,199,1,1,33.9,24.1,3,1,1,1
Euro 2024,Camavinga,France,Midfielder,166,0,0,32.7,21.4,2,0,2,0
Euro 2024,Barcola,France,Forward,104,0,0,33.9,12,2,1,1,0
Euro 2024,Giroud,France,Forward,56,0,0,30.1,8.4,2,0,0,2
Euro 2024,Fofana,France,Midfielder,40,0,0,29.8,6.6,1,0,0,1
Euro 2024,Coman,France,Forward,15,0,0,33,2.3,0,0,0,0
Euro 2024,Kakabadze,Georgia,Defender,360,0,1,32.2,42.9,1,0,0,1
Euro 2024,Kochorashvili,Georgia,Midfielder,360,0,1,29,48.4,5,0,3,2
Euro 2024,Kashia,Georgia,Defender,360,0,0,31.9,38.3,0,0,0,0
Euro 2024,Mamardashvili,Georgia,Goalkeeper,360,0,0,31.5,17.9,0,0,0,0
Euro 2024,Dvali,Georgia,Defender,360,0,0,29,40.2,0,0,0,0
Euro 2024,Mikautadze,Georgia,Forward,346,3,1,33.8,40.1,7,3,2,2
Euro 2024,Kvaratskhelia,Georgia,Forward,343,1,0,32.7,38.1,6,2,4,0
Euro 2024,Chakvetadze,Georgia,Midfielder,246,0,0,34.2,30.1,2,0,1,1
Euro 2024,Tsitaishvili,Georgia,Midfielder,190,0,0,34.5,22.6,3,2,1,0
Euro 2024,Mekvabishvili,Georgia,Midfielder,188,0,0,33,23.9,2,1,1,0
Euro 2024,Kverkvelia,Georgia,Defender,181,0,0,28.8,17.8,0,0,0,0
Euro 2024,Lochoshvili,Georgia,Defender,170,0,0,33.6,20.5,1,0,1,0
Euro 2024,Gvelesiani,Georgia,Defender,162,0,0,31.4,18.5,0,0,0,0
Euro 2024,Kiteishvili,Georgia,Midfielder,131,0,0,30.5,17.4,0,0,0,0
Euro 2024,Davitashvili,Georgia,Midfielder,114,0,0,33.8,15.7,2,0,1,1
Euro 2024,Altunashvili,Georgia,Midfielder,50,0,0,30.9,7.9,0,0,0,0
Euro 2024,Zivzivadze,Georgia,Forward,17,0,0,31,3.2,1,0,0,1
Euro 2024,Kvekveskiri,Georgia,Midfielder,12,0,0,29.8,1.7,0,0,0,0
Euro 2024,Lobjanidze,Georgia,Midfielder,8,0,0,30,2,1,0,1,0
Euro 2024,Kvilitaia,Georgia,Forward,2,0,0,28,1.1,0,0,0,0
Euro 2024,Kimmich,Germany,Midfielder,480,0,2,32.7,61,6,2,1,3
Euro 2024,Rudiger,Germany,Defender,480,0,0,33.4,51.2,4,1,2,1
Euro 2024,Neuer,Germany,Goalkeeper,480,0,0,26.3,29,0,0,0,0
Euro 2024,Kroos,Germany,Midfielder,470,0,0,30.3,57.2,3,0,1,2
Euro 2024,Musiala,Germany,Midfielder,423,3,0,34.7,46.6,10,4,3,3
Euro 2024,Havertz,Germany,Midfielder,391,2,1,33.7,47.3,19,11,6,2
Euro 2024,Gundogan,Germany,Midfielder,385,1,1,31,45.7,7,2,1,4
Euro 2024,Andrich,Germany,Midfielder,321,0,0,31.5,40.4,7,2,3,2
Euro 2024,Tah,Germany,Defender,321,0,0,33.9,36.5,1,0,0,1
Euro 2024,Mittelstadt,Germany,Defender,304,0,1,33.5,36.3,5,0,2,3
Euro 2024,Wirtz,Germany,Midfielder,281,2,0,34.3,38,8,3,3,2
Euro 2024,Sane,Germany,Midfielder,206,0,0,35.8,24,7,3,3,1
Euro 2024,Raum,Germany,Defender,167,0,1,34.5,20.2,1,0,1,0
Euro 2024,Fullkrug,Germany,Forward,162,2,0,32.4,21.8,9,3,5,1
Euro 2024,Schlotterbeck,Germany,Defender,119,0,1,31.6,13.6,2,1,1,0
Euro 2024,Can,Germany,Defender,99,1,0,32.1,13.2,1,1,0,0
Euro 2024,Muller,Germany,Forward,56,0,1,31.3,8.6,1,0,1,0
Euro 2024,Gross,Germany,Midfielder,45,0,0,24.8,5.9,1,0,0,1
Euro 2024,Anton,Germany,Defender,32,0,0,28,4.8,0,0,0,0
Euro 2024,Beier,Germany,Forward,25,0,0,33.9,3.6,0,0,0,0
Euro 2024,Fuhrich,Germany,Midfielder,18,0,0,30.1,2.5,1,0,1,0
Euro 2024,Henrichs,Germany,Defender,9,0,0,33.3,1.9,1,0,1,0
Euro 2024,Undav,Germany,Forward,6,0,0,29,1.3,0,0,0,0
Euro 2024,Szoboszlai,Hungray,Midfielder,270,0,1,34.5,30.8,5,2,1,2
Euro 2024,Schafer,Hungray,Midfielder,270,0,0,32.6,35.9,2,1,1,0
Euro 2024,Orban,Hungray,Defender,270,0,0,30.4,30.6,3,1,1,1
Euro 2024,Gulacsi,Hungray,Goalkeeper,270,0,0,24.4,16.1,0,0,0,0
Euro 2024,Sallai,Hungray,Forward,267,0,1,32.7,31.7,8,2,3,3
Euro 2024,B. Varga,Hungray,Forward,251,1,0,32.6,27.9,4,2,2,0
Euro 2024,Kerkez,Hungray,Defender,240,0,0,31.6,25.7,0,0,0,0
Euro 2024,Bolla,Hungray,Defender,206,0,0,34,23.1,3,1,1,1
Euro 2024,Fiola,Hungray,Defender,180,0,0,32.2,20.4,0,0,0,0
Euro 2024,M. Dardai,Hungray,Defender,175,0,0,31.2,19.4,1,0,1,0
Euro 2024,A. Nagy,Hungray,Midfielder,160,0,0,32.3,20.6,1,0,1,0
Euro 2024,A. Szalai,Hungray,Defender,95,0,0,32.1,11.8,1,0,1,0
Euro 2024,Botka,Hungray,Defender,90,0,0,30,10.4,0,0,0,0
Euro 2024,Styles,Hungray,Midfielder,61,0,0,29.5,7.6,0,0,0,0
Euro 2024,Kleinheisler,Hungray,Midfielder,29,0,0,32.6,6.8,0,0,0,0
Euro 2024,Lang,Hungray,Defender,45,0,0,28.6,5.1,0,0,0,0
Euro 2024,Adam,Hungray,Forward,42,0,0,30.1,7.1,0,0,0,0
Euro 2024,Zs. Nagy,Hungray,Midfielder,19,0,0,32.9,4.4,0,0,0,0
Euro 2024,Csoboth,Hungray,Forward,7,1,0,33.7,2.9,2,1,1,0
Euro 2024,Gazdag,Hungray,Midfielder,3,0,0,25.3,1,0,0,0,0
Euro 2024,Bastoni,Italy,Defender,360,1,0,31.4,39.9,3,2,1,0
Euro 2024,Di Lorenzo,Italy,Defender,360,0,0,31.9,43.8,2,0,0,2
Euro 2024,Donnarumma,Italy,Goalkeeper,360,0,0,26.1,18.2,0,0,0,0
Euro 2024,Barella,Italy,Midfielder,333,1,0,32.1,45,1,1,0,0
Euro 2024,Calafiori,Italy,Defender,270,0,1,32.5,34.8,3,0,1,2
Euro 2024,Chiesa,Italy,Midfielder,264,0,0,34.4,28.7,8,0,4,4
Euro 2024,Scamacca,Italy,Forward,252,0,0,33.2,28.3,6,1,3,2
Euro 2024,Dimarco,Italy,Defender,230,0,0,32.9,26,1,1,0,0
Euro 2024,Pellegrini,Italy,Midfielder,220,0,1,31.3,27.6,7,1,6,0
Euro 2024,Jorginho,Italy,Midfielder,216,0,0,27.6,28.8,0,0,0,0
Euro 2024,Frattesi,Italy,Midfielder,184,0,0,31.5,25.5,2,1,0,1
Euro 2024,Darmian,Italy,Defender,162,0,0,29.3,18.8,1,0,0,1
Euro 2024,Retegui,Italy,Forward,150,0,0,33.1,19.8,4,1,0,3
Euro 2024,Cristante,Italy,Midfielder,132,0,0,28.9,18.5,2,1,0,1
Euro 2024,Fagioli,Italy,Midfielder,95,0,0,28.2,12.9,1,0,1,0
Euro 2024,Mancini,Italy,Defender,90,0,0,28.9,9.8,0,0,0,0
Euro 2024,Raspadori,Italy,Forward,84,0,0,32.4,11.9,1,0,0,1
Euro 2024,Zaccagni,Italy,Forward,81,1,0,32.9,10.8,1,1,0,0
Euro 2024,Cambiaso,Italy,Defender,74,0,0,31,10.6,0,0,0,0
Euro 2024,El Shaarawy,Italy,Forward,45,0,0,33,5.3,0,0,0,0
Euro 2024,Folorundho,Italy,Midfielder,1,0,0,29.9,0.6,0,0,0,0
Euro 2024,De Vrij,Netherlands,Defender,540,1,0,32.7,56.2,4,1,2,1
Euro 2024,Van Dijk,Netherlands,Defender,540,0,0,32.3,53.9,4,1,1,2
Euro 2024,Verbruggen,Netherlands,Goalkeeper,540,0,0,25.4,31.4,0,0,0,0
Euro 2024,Gakpo,Netherlands,Forward,525,3,1,32.8,55.7,12,8,3,1
Euro 2024,Schouten,Netherlands,Midfielder,502,0,0,31.2,59.2,1,0,0,1
Euro 2024,Reijnders,Netherlands,Midfielder,498,0,0,33.1,60.3,10,0,5,5
Euro 2024,Ake,Netherlands,Defender,474,0,2,31.7,49.4,2,0,2,0
Euro 2024,Depay,Netherlands,Forward,461,1,1,32,52.2,18,3,9,6
Euro 2024,Simons,Netherlands,Midfielder,456,1,2,34.2,54.6,10,4,5,1
Euro 2024,Dumfries,Netherlands,Defender,449,0,1,33.5,52.2,4,0,4,0
Euro 2024,Veerman,Netherlands,Midfielder,207,0,0,30.8,29.6,2,0,1,1
Euro 2024,Malen,Netherlands,Forward,190,2,0,33.7,20.4,6,2,3,1
Euro 2024,Weghorst,Netherlands,Forward,134,1,1,32.2,19.8,4,2,1,1
Euro 2024,Geertruida,Netherlands,Defender,107,0,0,28.6,12.1,0,0,0,0
Euro 2024,Bergwijn,Netherlands,Forward,90,0,0,31.7,10.7,1,0,1,0
Euro 2024,Frimpong,Netherlands,Defender,85,0,0,35.2,11.2,2,1,0,1
Euro 2024,Wijnaldum,Netherlands,Midfielder,70,0,0,29.2,9.7,0,0,0,0
Euro 2024,Van de Ven,Netherlands,Defender,66,0,0,35.6,9.3,0,0,0,0
Euro 2024,Zirkzee,Netherlands,Forward,4,0,0,25.3,1.6,0,0,0,0
Euro 2024,Blind,Netherlands,Defender,1,0,0,25.3,0.3,0,0,0,0
Euro 2024,Brobbey,Netherlands,Forward,1,0,0,23.6,0.3,0,0,0,0
Euro 2024,Kiwior,Poland,Defender,270,0,0,32.2,30.7,2,2,0,0
Euro 2024,Frankowski,Poland,Defender,270,0,0,32,31.9,0,0,0,0
Euro 2024,Bednarek,Poland,Defender,270,0,0,31.8,29.5,1,0,0,1
Euro 2024,Zielinski,Poland,Midfielder,255,0,1,33.1,22.7,8,3,1,4
Euro 2024,Zalewski,Poland,Midfielder,248,0,0,33.1,27.9,2,1,1,0
Euro 2024,Moder,Poland,Midfielder,180,0,0,31.8,22.7,3,1,2,0
Euro 2024,Dawidowicz,Poland,Midfielder,180,0,0,28.9,19.5,1,0,1,0
Euro 2024,Szczesny,Poland,Goalkeeper,180,0,0,26.1,8.7,0,0,0,0
Euro 2024,Buksa,Poland,Forward,150,1,0,30.9,19,3,1,0,2
Euro 2024,Urbanski,Poland,Midfielder,148,0,0,31.2,21.1,2,1,0,1
Euro 2024,Lewandowski,Poland,Forward,120,1,0,30.5,14.2,5,1,4,0
Euro 2024,S. Szymanski,Poland,Midfielder,113,0,0,31.8,13.8,1,0,0,1
Euro 2024,Slisz,Poland,Midfielder,110,0,0,30.9,14.5,0,0,0,0
Euro 2024,Skorupski,Poland,Goalkeeper,90,0,0,23.7,4.6,0,0,0,0
Euro 2024,Swiderski,Poland,Forward,87,0,0,31.6,11.6,2,2,0,0
Euro 2024,Salamon,Poland,Defender,86,0,0,32.6,8.5,1,0,1,0
Euro 2024,K. Piatek,Poland,Forward,60,1,0,33,7.3,2,1,1,0
Euro 2024,Piotrowski,Poland,Midfielder,57,0,0,30.4,8.1,2,0,1,1
Euro 2024,Romanczuk,Poland,Midfielder,55,0,0,30.5,7.6,0,0,0,0
Euro 2024,Skoras,Poland,Forward,22,0,0,29.4,2.3,0,0,0,0
Euro 2024,Grosicki,Poland,Midfielder,15,0,0,29.4,2.3,1,0,1,0
Euro 2024,Bereszynski,Poland,Defender,4,0,0,33.3,1.2,0,0,0,0
Euro 2024,Diogo Costa,Portugal,Goalkeeper,510,0,0,26.8,27.7,0,0,0,0
Euro 2024,Ronaldo,Portugal,Forward,486,0,1,32.7,49.6,23,9,8,6
Euro 2024,Bernardo Silva,Portugal,Midfielder,420,1,0,31.4,55.6,7,2,2,3
Euro 2024,Ruben Dias,Portugal,Defender,420,0,0,31.5,50.8,2,0,1,1
Euro 2024,Nuno Mendes,Portugal,Defender,419,0,1,35.3,42.7,3,2,1,0
Euro 2024,Pepe,Portugal,Defender,410,0,0,32.2,45,1,0,0,1
Euro 2024,Fernandes,Portugal,Midfielder,374,1,0,31.1,47.5,10,2,3,5
Euro 2024,Vitinha,Portugal,Midfielder,361,0,0,32.9,45.7,8,3,0,5
Euro 2024,Joao Cancelo,Portugal,Defender,348,0,0,34.4,41.5,2,0,1,1
Euro 2024,Joao Palhinha,Portugal,Midfielder,299,0,0,33.1,36.2,5,2,3,0
Euro 2024,Rafael Leao,Portugal,Forward,289,0,0,35.4,28.8,3,0,1,2
Euro 2024,Francisco Conceicao,Portugal,Forward,181,1,0,33.9,24.4,6,1,4,1
Euro 2024,Dalot,Portugal,Defender,153,0,0,35.2,18.3,3,1,2,0
Euro 2024,Ruben Neves,Portugal,Midfielder,124,0,0,31.1,17.4,2,0,2,0
Euro 2024,Pedro Neto,Portugal,Forward,121,0,0,34.5,14.4,0,0,0,0
Euro 2024,Goncalo Inacio,Portugal,Defender,117,0,0,33.7,14.2,1,0,0,1
Euro 2024,Joao Felix,Portugal,Forward,105,0,0,31.1,13.5,4,1,2,1
Euro 2024,Diogo Jota,Portugal,Forward,97,0,0,32.9,14,2,1,1,0
Euro 2024,Nelson Semedo,Portugal,Defender,96,0,0,31,13.4,2,1,0,1
Euro 2024,Danilo,Portugal,Midfielder,90,0,0,34.4,9.7,1,0,1,0
Euro 2024,Joao Neves,Portugal,Midfielder,77,0,0,30.9,10.4,1,0,0,1
Euro 2024,Antonio Silva,Portugal,Defender,73,0,0,32,8.6,1,0,1,0
Euro 2024,Goncalo Ramos,Portugal,Forward,24,0,0,30.4,3,1,0,0,1
Euro 2024,Matheus Nunes,Portugal,Midfielder,16,0,0,33.3,2.9,1,0,1,0
Euro 2024,Dragusin,Romania,Defender,360,0,0,33.6,38.4,2,1,0,1
Euro 2024,Burca,Romania,Defender,360,0,0,31.9,39.7,1,0,1,0
Euro 2024,Nita,Romania,Goalkeeper,360,0,0,26.2,22.9,0,0,0,0
Euro 2024,Ratiu,Romania,Defender,359,0,0,34.7,41,3,3,0,0
Euro 2024,R. Marin,Romania,Midfielder,356,2,0,32.4,43.3,6,3,3,0
Euro 2024,Stanciu,Romania,Midfielder,355,1,0,30.1,45.4,5,2,2,1
Euro 2024,M. Marin,Romania,Midfielder,305,0,0,33.7,36.3,0,0,0,0
Euro 2024,Dragus,Romania,Forward,294,1,0,34.5,35.1,5,2,2,1
Euro 2024,Bancu,Romania,Defender,270,0,0,32.2,30.6,0,0,0,0
Euro 2024,Man,Romania,Forward,266,0,2,33.6,29.4,6,3,2,1
Euro 2024,Hagi,Romania,Midfielder,188,0,0,29.7,21.8,2,0,2,0
Euro 2024,Coman,Romania,Forward,120,0,0,32,12.9,2,1,1,0
Euro 2024,Milhaila,Romania,Forward,114,0,0,35.8,14.4,4,0,3,1
Euro 2024,Racovitan,Romania,Defender,55,0,0,29.4,6.6,0,0,0,0
Euro 2024,Puscas,Romania,Forward,39,0,0,33.4,5.2,0,0,0,0
Euro 2024,Mogos,Romania,Defender,38,0,0,30.1,3.8,0,0,0,0
Euro 2024,Sorescu,Romania,Midfielder,33,0,0,29.9,4.2,0,0,0,0
Euro 2024,Alibec,Romania,Forward,27,0,0,33,3.8,1,0,0,1
Euro 2024,Olaru,Romania,Midfielder,24,0,0,32.8,4.5,0,0,0,0
Euro 2024,Rus,Romania,Defender,19,0,0,29.1,3,0,0,0,0
Euro 2024,Cicaldau,Romania,Midfielder,18,0,0,29.4,2.8,0,0,0,0
Euro 2024,McTominay,Scotland,Midfielder,270,1,0,31.4,34.2,3,1,1,1
Euro 2024,Hendry,Scotland,Defender,270,0,0,34.2,30,1,0,1,0
Euro 2024,Gunn,Scotland,Goalkeeper,270,0,0,25,18.4,0,0,0,0
Euro 2024,Robertson,Scotland,Defender,269,0,0,34.3,27,0,0,0,0
Euro 2024,Ralston,Scotland,Defender,263,0,0,32,30.4,0,0,0,0
Euro 2024,McGregor,Scotland,Midfielder,247,0,1,31.3,33.4,3,0,1,2
Euro 2024,McGinn,Scotland,Midfielder,232,0,0,31.6,24,0,0,0,0
Euro 2024,Hanley,Scotland,Defender,225,0,0,33.4,25.5,1,0,1,0
Euro 2024,Adams,Scotland,Forward,210,0,0,31.3,22,2,1,1,0
Euro 2024,Gilmour,Scotland,Midfielder,185,0,0,30.9,23.8,2,0,2,0
Euro 2024,Tierney,Scotland,Defender,138,0,0,35,15.2,0,0,0,0
Euro 2024,McKenna,Scotland,Defender,132,0,1,30.6,15.6,2,0,2,0
Euro 2024,Christie,Scotland,Forward,90,0,0,31,13.1,0,0,0,0
Euro 2024,Porteous,Scotland,Defender,44,0,0,29.1,4.4,0,0,0,0
Euro 2024,McLean,Scotland,Midfielder,41,0,0,29.4,7.2,1,1,0,0
Euro 2024,Shankland,Scotland,Forward,23,0,0,29.4,5.4,0,0,0,0
Euro 2024,Armstrong,Scotland,Midfielder,14,0,0,29.9,3.4,0,0,0,0
Euro 2024,Morgan,Scotland,Midfielder,1,0,0,33,1.9,1,0,0,1
Euro 2024,Pavlovic,Serbia,Defender,270,0,0,34.4,31.7,0,0,0,0
Euro 2024,Milenkovic,Serbia,Defender,270,0,0,30.6,28.7,0,0,0,0
Euro 2024,Veljkovic,Serbia,Defender,270,0,0,30.2,32.1,0,0,0,0
Euro 2024,Rajkovic,Serbia,Goalkeeper,270,0,0,24.3,13.2,0,0,0,0
Euro 2024,A. Zivkovic,Serbia,Forward,246,0,0,33.3,28.2,0,0,0,0
Euro 2024,Mitrovic,Serbia,Forward,241,0,0,30.2,26.5,10,2,5,3
Euro 2024,Lukic,Serbia,Midfielder,212,0,0,33.2,26.9,1,0,0,1
Euro 2024,I. Ilic,Serbia,Midfielder,202,0,1,32.6,26.6,2,0,0,2
Euro 2024,Vlahovic,Serbia,Forward,177,0,0,32.3,20.4,6,2,1,3
Euro 2024,Tadic,Serbia,Forward,156,0,0,28.4,20.2,0,0,0,0
Euro 2024,S. Milinkovic-Savic,Serbia,Midfielder,119,0,0,27.8,18,3,1,1,1
Euro 2024,Mladenovic,Serbia,Defender,109,0,0,32.9,14.3,0,0,0,0
Euro 2024,Jovic,Serbia,Forward,100,1,0,33.7,11.4,1,1,0,0
Euro 2024,Gudelj,Serbia,Midfielder,90,0,0,26.6,11.4,0,0,0,0
Euro 2024,Mijailovic,Serbia,Midfielder,73,0,0,32.9,8.7,0,0,0,0
Euro 2024,Samardzic,Serbia,Midfielder,53,0,0,30.2,7.9,1,0,1,0
Euro 2024,Gacinovic,Serbia,Midfielder,45,0,0,30.3,5.9,1,0,0,1
Euro 2024,Kostic,Serbia,Forward,43,0,0,30.8,4.4,0,0,0,0
Euro 2024,Birmancevic,Serbia,Midfielder,25,0,0,30.4,4,1,0,0,1
Euro 2024,Lobotka,Slovakia,Midfielder,390,0,0,32.9,50,1,1,0,0
Euro 2024,Vavro,Slovakia,Defender,390,0,0,32.7,44.1,3,0,2,1
Euro 2024,Skriniar,Slovakia,Defender,390,0,0,30.9,44,3,0,1,2
Euro 2024,Dubravka,Slovakia,Goalkeeper,390,0,0,28.8,22.2,0,0,0,0
Euro 2024,Pekarik,Slovakia,Defender,378,0,0,31.4,47.3,3,0,2,1
Euro 2024,Hancko,Slovakia,Defender,367,0,0,32.2,40.6,4,2,2,0
Euro 2024,Kucka,Slovakia,Midfielder,351,0,2,31.8,44.6,8,2,5,1
Euro 2024,Schranz,Slovakia,Forward,334,3,0,31.6,38,5,4,0,1
Euro 2024,Duda,Slovakia,Midfielder,319,1,0,30.3,40.1,2,1,1,0
Euro 2024,Haraslin,Slovakia,Midfielder,268,0,1,32.5,29.8,8,4,2,2
Euro 2024,Bozenik,Slovakia,Forward,209,0,0,30.3,24.7,3,1,1,1
Euro 2024,Strelec,Slovakia,Forward,181,0,1,31.4,23,7,1,4,2
Euro 2024,Suslov,Slovakia,Midfielder,122,0,0,33.5,15.7,0,0,0,0
Euro 2024,Benes,Slovakia,Midfielder,69,0,0,29.8,10,1,0,1,0
Euro 2024,Bero,Slovakia,Midfielder,40,0,0,30.3,6.3,1,0,1,0
Euro 2024,Gyomber,Slovakia,Defender,32,0,0,29.7,4.2,0,0,0,0
Euro 2024,Obert,Slovakia,Midfielder,24,0,0,29.7,3.9,0,0,0,0
Euro 2024,Duris,Slovakia,Forward,21,0,0,29.2,3.5,0,0,0,0
Euro 2024,Tupta,Slovakia,Forward,11,0,0,28.5,1.6,1,0,1,0
Euro 2024,L. Sauer,Slovakia,Forward,4,0,0,29.1,1.2,0,0,0,0
Euro 2024,Karnicnik,Slovenia,Defender,390,1,0,33.3,46,3,1,2,0
Euro 2024,Drkusic,Slovenia,Defender,390,0,0,32.9,40.9,0,0,0,0
Euro 2024,G. Cerin,Slovenia,Midfielder,390,0,0,31.4,51.2,4,1,3,0
Euro 2024,Bijol,Slovenia,Midfielder,390,0,0,30.3,41.1,1,0,1,0
Euro 2024,Oblak,Slovenia,Goalkeeper,390,0,0,22.8,21.9,0,0,0,0
Euro 2024,Sesko,Slovenia,Forward,360,0,0,35.9,43.6,8,4,4,0
Euro 2024,Elsnik,Slovenia,Midfielder,359,0,1,34.4,44.3,3,0,2,1
Euro 2024,Sporar,Slovenia,Forward,339,0,0,32,37.7,7,1,3,3
Euro 2024,Stojanovic,Slovenia,Defender,320,0,0,31.2,39,0,0,0,0
Euro 2024,Mlakar,Slovenia,Forward,299,0,0,32.3,38.4,2,1,1,0
Euro 2024,Janza,Slovenia,Defender,269,1,0,31,32.2,3,1,1,1
Euro 2024,Balkovec,Slovenia,Defender,121,0,0,31,14.1,0,0,0,0
Euro 2024,G. Stankovic,Slovenia,Midfielder,91,0,0,29.6,13.8,1,0,1,0
Euro 2024,Verbic,Slovenia,Midfielder,70,0,0,30.8,10.5,1,0,0,1
Euro 2024,Celar,Slovenia,Forward,65,0,0,30.7,8.9,1,0,1,0
Euro 2024,Ilicic,Slovenia,Midfielder,30,0,0,29,4.1,1,0,0,1
Euro 2024,Vipotnik,Slovenia,Forward,14,0,0,29.5,2.2,0,0,0,0
Euro 2024,Brekalo,Slovenia,Defender,2,0,0,24.7,2.2,0,0,0,0
Euro 2024,Kurtic,Slovenia,Midfielder,1,0,0,20.5,0.1,0,0,0,0
Euro 2024,Unai Simon,Spain,Goalkeeper,570,0,0,28.5,34.9,0,0,0,0
Euro 2024,Cucurella,Spain,Defender,546,0,1,33.1,63.1,1,1,0,0
Euro 2024,Fabian Ruiz,Spain,Midfielder,542,2,2,32.6,69.1,17,5,7,5
Euro 2024,Laporte,Spain,Defender,525,0,0,33,56.1,4,1,3,0
Euro 2024,Rodri,Spain,Midfielder,521,1,0,33,68.5,5,1,2,2
Euro 2024,Yamal,Spain,Forward,507,1,4,33.3,55.3,18,7,7,4
Euro 2024,N. Williams,Spain,Midfielder,494,2,1,35.8,54.5,11,3,4,4
Euro 2024,Carvajal,Spain,Defender,471,1,0,32.5,54,2,2,0,0
Euro 2024,Morata,Spain,Forward,454,1,0,32,52.9,14,4,6,4
Euro 2024,Le Normand,Spain,Defender,443,0,0,31.3,49.8,4,0,3,1
Euro 2024,Olmo,Spain,Forward,431,3,2,30.5,50.3,17,6,4,7
Euro 2024,Nacho,Spain,Defender,262,0,0,31.9,27.8,0,0,0,0
Euro 2024,Oyarzabal,Spain,Midfielder,197,1,1,32.1,25.5,6,3,2,1
Euro 2024,Pedri,Spain,Midfielder,190,0,1,31.6,26.8,6,4,2,0
Euro 2024,Merino,Spain,Midfielder,178,1,0,31.4,28.1,3,2,1,0
Euro 2024,Jesus Navas,Spain,Forward,157,0,0,33,18.6,0,0,0,0
Euro 2024,Ferran Torres,Spain,Forward,152,1,0,36,20,6,1,4,1
Euro 2024,Zubimendi,Spain,Midfielder,140,0,0,29.4,20,0,0,0,0
Euro 2024,Vivian,Spain,Defender,122,0,0,30.2,14.7,1,0,1,0
Euro 2024,Grimaldo,Spain,Defender,114,0,0,31.2,15,0,0,0,0
Euro 2024,Raya,Spain,Goalkeeper,90,0,0,27.4,5.9,0,0,0,0
Euro 2024,Joselu,Spain,Forward,89,0,0,29.6,10.8,3,0,3,0
Euro 2024,Fermin Lopez,Spain,Forward,28,0,0,32.5,3.9,2,0,0,2
Euro 2024,Alex Baena,Spain,Midfielder,25,0,0,31.3,4.5,0,0,0,0
Euro 2024,Perez,Spain,Forward,12,0,0,29.6,2.1,3,2,0,1
Euro 2024,Akanji,Switzerland,Defender,480,0,0,34.3,49.7,0,0,0,0
Euro 2024,Xhaka,Switzerland,Midfielder,480,0,0,32.3,62,4,3,0,1
Euro 2024,Rodriguez,Switzerland,Defender,480,0,0,31.2,52.3,3,0,2,1
Euro 2024,Schar,Switzerland,Defender,480,0,0,30.4,50.7,5,0,2,3
Euro 2024,Sommer,Switzerland,Goalkeeper,480,0,0,22.9,26,0,0,0,0
Euro 2024,Aebischer,Switzerland,Midfielder,477,1,2,32.3,57.5,2,1,1,0
Euro 2024,Freuler,Switzerland,Midfielder,459,1,2,30,59.7,3,1,1,1
Euro 2024,Ndoye,Switzerland,Forward,412,1,1,35.6,48.3,14,2,8,4
Euro 2024,Vargas,Switzerland,Midfielder,308,1,1,32.6,36.1,5,4,1,0
Euro 2024,Widmer,Switzerland,Defender,301,0,0,33.2,35.9,2,0,2,0
Euro 2024,Embolo,Switzerland,Forward,297,2,0,33,31.8,8,4,1,3
Euro 2024,Rieder,Switzerland,Midfielder,218,0,0,33.5,31.1,1,1,0,0
Euro 2024,Duah,Switzerland,Forward,106,1,0,31.2,12.4,4,3,0,1
Euro 2024,Zuber,Switzerland,Midfielder,76,0,0,31.9,10,2,0,2,0
Euro 2024,Shaqiri,Switzerland,Midfielder,71,1,0,28.8,8.9,2,1,1,0
Euro 2024,Amdouni,Switzerland,Forward,53,0,0,31.8,8.5,2,1,1,0
Euro 2024,Stergiou,Switzerland,Defender,45,0,0,34.6,7,0,0,0,0
Euro 2024,Sierro,Switzerland,Midfielder,34,0,0,31,6.8,1,0,0,1
Euro 2024,Zakaria,Switzerland,Midfielder,22,0,0,29.4,2.8,0,0,0,0
Euro 2024,Steffen,Switzerland,Midfielder,1,0,0,26.7,0.1,0,0,0,0
Euro 2024,Baris Alper Yilmaz,Turkiye,Forward,450,0,0,35.1,51.6,4,3,0,1
Euro 2024,Ferdi Kadioglu,Turkiye,Midfielder,450,0,0,33.4,52.4,2,0,1,1
Euro 2024,Kaan Ayhan,Turkiye,Defender,361,0,1,31.6,40.1,3,0,2,1
Euro 2024,Abdulkerim Bardakci,Turkiye,Defender,360,0,0,31.2,41.8,2,0,2,0
Euro 2024,Mert Gunok,Turkiye,Goalkeeper,360,0,0,22.4,17,0,0,0,0
Euro 2024,Calhanoglu,Turkiye,Midfielder,356,1,0,31.2,43.8,9,2,2,5
Euro 2024,Kenan Yildiz,Turkiye,Forward,347,0,0,33.1,40.7,11,3,3,5
Euro 2024,Mert Muldur,Turkiye,Defender,347,1,0,33.9,39,3,2,0,1
Euro 2024,Arda Guler,Turkiye,Midfielder,342,1,2,31.9,41,10,2,6,2
Euro 2024,Samet Akaydin,Turkiye,Defender,337,1,0,32,37.3,2,1,1,0
Euro 2024,Orkun Kokcu,Turkiye,Midfielder,221,0,1,32.3,28.1,6,2,2,2
Euro 2024,Merih Demiral,Turkiye,Defender,206,2,0,30.9,24.2,3,2,1,0
Euro 2024,Salih Ozcan,Turkiye,Midfielder,155,0,0,30.5,19.3,1,0,1,0
Euro 2024,Ismail Yuksek,Turkiye,Midfielder,153,0,1,31,19.1,1,0,0,1
Euro 2024,Kerem Akturkoglu,Turkiye,Forward,103,1,0,32.3,16.4,5,2,2,1
Euro 2024,Zeki Celik,Turkiye,Defender,103,0,0,34,14.1,1,0,0,1
Euro 2024,Altay Bayindir,Turkiye,Goalkeeper,90,0,0,25,5.3,0,0,0,0
Euro 2024,Yunus Akgun,Turkiye,Forward,70,0,0,31.2,7.8,0,0,0,0
Euro 2024,Yusuf Yazici,Turkiye,Midfielder,56,0,0,31.3,8.2,3,2,0,1
Euro 2024,Okay Yokuslu,Turkiye,Midfielder,52,0,0,27.2,8.7,1,0,1,0
Euro 2024,Cenk Tosun,Turkiye,Forward,23,1,0,33.1,4,3,1,2,0
Euro 2024,Irfan Can Kahveci,Turkiye,Midfielder,7,0,0,28.4,1.6,0,0,0,0
Euro 2024,Kilicsoy,Turkiye,Forward,1,0,0,29.7,0.8,1,1,0,0
Euro 2024,Matviyenko,Ukraine,Defender,270,0,0,32.9,30.4,0,0,0,0
Euro 2024,Zabarnyi,Ukraine,Defender,270,0,0,32.6,29.6,0,0,0,0
Euro 2024,Sudakov,Ukraine,Midfielder,263,0,0,31.9,32.7,9,4,2,3
Euro 2024,Dovbyk,Ukraine,Forward,247,0,0,34.9,28,6,0,4,2
Euro 2024,Shaparenko,Ukraine,Midfielder,221,1,1,31.1,29.3,1,1,0,0
Euro 2024,Zinchenko,Ukraine,Defender,212,0,1,30.1,25.1,1,1,0,0
Euro 2024,Tymchyk,Ukraine,Defender,198,0,0,34.2,25.4,1,0,1,0
Euro 2024,Brazhko,Ukraine,Midfielder,183,0,0,33.1,23.8,2,1,0,1
Euro 2024,Trubin,Ukraine,Goalkeeper,180,0,0,26.6,9.7,0,0,0,0
Euro 2024,Mudryk,Ukraine,Forward,175,0,0,34.9,19.5,7,2,3,2
Euro 2024,Yaremchuk,Ukraine,Forward,121,1,0,32.1,16,6,2,2,2
Euro 2024,Yarmolenko,Ukraine,Midfielder,104,0,0,31.8,13.7,4,0,2,2
Euro 2024,Lunin,Ukraine,Goalkeeper,90,0,0,22.9,4.8,0,0,0,0
Euro 2024,Stepanenko,Ukraine,Midfielder,82,0,0,28.9,10.4,1,0,1,0
Euro 2024,Svatok,Ukraine,Defender,81,0,0,28,7.9,0,0,0,0
Euro 2024,Konoplia,Ukraine,Defender,72,0,0,27.5,7.9,0,0,0,0
Euro 2024,Tsygankov,Ukraine,Midfielder,62,0,0,32.9,7.5,2,0,0,2
Euro 2024,Mykolenko,Ukraine,Defender,58,0,0,32.4,7,0,0,0,0
Euro 2024,Malinovskyi,Ukraine,Midfielder,32,0,0,26.5,6,2,1,0,1
Euro 2024,Zubkov,Ukraine,Midfielder,23,0,0,30.3,3.4,0,0,0,0
Euro 2024,Vanat,Ukraine,Forward,20,0,0,32.1,3.1,0,0,0,0
Euro 2024,Sydorchuk,Ukraine,Midfielder,5,0,0,24.2,1.4,0,0,0,0
Euro 2024,Talovierov,Ukraine,Defender,1,0,0,26.6,0.7,0,0,0,0
Euro 2020,Alaba,Austria,Defender,390,0,2,30.6,43.4,2,0,2,0
Euro 2020,Sabitzer,Austria,Midfielder,390,0,1,31.5,48.7,12,0,6,6
Euro 2020,Hinteregger,Austria,Defender,390,0,0,32.4,40.5,3,0,3,0
Euro 2020,Bachmann,Austria,Goalkeeper,390,0,0,24.7,23.5,0,0,0,0
Euro 2020,Lainer,Austria,Defender,384,1,0,31.7,44.9,3,1,2,0
Euro 2020,X. Schlager,Austria,Midfielder,368,0,0,30.4,42.8,5,1,3,1
Euro 2020,Dragovic,Austria,Defender,339,0,0,29.7,34.1,1,0,1,0
Euro 2020,Laimer,Austria,Midfielder,336,0,1,32.4,39.4,2,1,0,1
Euro 2020,Baumgartner,Austria,Midfielder,250,0,0,29.9,28.1,4,3,0,1
Euro 2020,Grillitsch,Austria,Midfielder,224,0,0,28.8,27.8,1,0,0,1
Euro 2020,Arnautovic,Austria,Forward,217,0,0,31.5,23.6,8,3,4,1
Euro 2020,Ulmer,Austria,Defender,180,0,0,30.4,20.7,0,0,0,0
Euro 2020,Kalajdzic,Austria,Forward,112,0,0,27.2,13,5,2,2,1
Euro 2020,Gregoritsch,Austria,Forward,108,0,0,28.8,12.9,3,2,1,0
Euro 2020,Schopf,Austria,Midfielder,88,0,0,29.7,12.7,1,0,0,1
Euro 2020,Lienhart,Austria,Defender,51,0,0,27,6.7,0,0,0,0
Euro 2020,Ilsanker,Austria,Midfielder,25,0,0,31,3.7,0,0,0,0
Euro 2020,Lazaro,Austria,Midfielder,20,0,0,29.7,3,0,0,0,0
Euro 2020,Schaub,Austria,Midfielder,15,1,1,25.6,1.8,2,1,0,1
Euro 2020,Onisiwo,Austria,Midfielder,6,0,0,29.9,1.4,1,1,0,0
Euro 2020,Trimmel,Austria,Defender,6,0,0,28.6,1,0,0,0,0
Euro 2020,Baumgartlinger,Austria,Midfielder,1,0,0,15.7,0.3,0,0,0,0
Euro 2020,Courtois,Belgium,Goalkeeper,450,0,0,23.9,21.2,0,0,0,0
Euro 2020,Lukaku,Belgium,Forward,444,4,0,31.3,40.9,13,6,2,5
Euro 2020,Alderweireld,Belgium,Defender,360,0,0,28.4,39.4,1,0,1,0
Euro 2020,T. Hazard,Belgium,Midfielder,358,2,0,30.4,44.5,4,3,0,1
Euro 2020,Vertonghen,Belgium,Defender,347,0,0,32.6,34.2,0,0,0,0
Euro 2020,Tielemans,Belgium,Midfielder,339,0,0,29.2,42.9,2,0,0,2
Euro 2020,Meunier,Belgium,Defender,327,1,2,31.7,43.1,4,1,2,1
Euro 2020,Witsel,Belgium,Midfielder,301,0,0,27.7,36.1,2,1,1,0
Euro 2020,Vermaelen,Belgium,Defender,284,0,1,29.2,30.2,2,0,2,0
Euro 2020,De Bruyne,Belgium,Midfielder,272,1,2,29.5,33,5,3,1,1
Euro 2020,E. Hazard,Belgium,Forward,226,0,1,29.7,27.3,5,2,3,0
Euro 2020,Mertens,Belgium,Forward,180,0,1,29.9,21.5,1,1,0,0
Euro 2020,Denayer,Belgium,Defender,180,0,0,31.7,19.4,1,0,1,0
Euro 2020,Boyata,Belgium,Defender,180,0,0,28.1,18.1,0,0,0,0
Euro 2020,Doku,Belgium,Midfielder,165,0,0,32,17.8,3,1,1,1
Euro 2020,Dendoncker,Belgium,Midfielder,150,0,0,27.7,19.7,1,0,1,0
Euro 2020,Carrasco,Belgium,Forward,139,0,0,29.5,18.5,1,0,1,0
Euro 2020,Chadli,Belgium,Midfielder,94,0,0,31.7,10.9,2,1,0,1
Euro 2020,Trossard,Belgium,Midfielder,75,0,0,28.6,9,1,0,1,0
Euro 2020,Praet,Belgium,Midfielder,30,0,0,26.6,4.4,0,0,0,0
Euro 2020,Castagne,Belgium,Defender,27,0,0,30.2,3.4,0,0,0,0
Euro 2020,Batshuayi,Belgium,Forward,15,0,0,27,2.3,0,0,0,0
Euro 2020,Benteke,Belgium,Forward,6,0,0,25.4,1.1,0,0,0,0
Euro 2020,Vanaken,Belgium,Midfielder,1,0,0,0,0.4,0,0,0,0
Euro 2020,Vida,Croatia,Defender,390,0,0,32,37.2,0,0,0,0
Euro 2020,Livakovic,Croatia,Goalkeeper,390,0,0,17.4,13.2,0,0,0,0
Euro 2020,Modric,Croatia,Midfielder,384,1,1,27.9,39.3,3,3,0,0
Euro 2020,Gvardiol,Croatia,Defender,370,0,0,33.3,38.3,3,3,0,0
Euro 2020,Kovacic,Croatia,Midfielder,341,1,1,29.7,37.4,4,1,2,1
Euro 2020,Brozovic,Croatia,Midfielder,283,0,0,27,37.1,1,0,1,0
Euro 2020,Perisic,Croatia,Midfielder,261,1,1,31.5,27.1,7,3,2,2
Euro 2020,Kramaric,Croatia,Forward,227,1,1,29.9,28.8,4,2,1,1
Euro 2020,Caleta-Car,Croatia,Defender,210,0,0,29.2,20.6,0,0,0,0
Euro 2020,Vlasic,Croatia,Midfielder,203,0,0,30.6,22.4,3,1,2,0
Euro 2020,Rebic,Croatia,Forward,199,0,0,31.3,20.9,5,1,3,1
Euro 2020,Vrsalijko,Croatia,Defender,180,0,0,30.2,19.1,0,0,0,0
Euro 2020,Lovren,Croatia,Defender,180,0,0,26.6,17.6,1,0,1,0
Euro 2020,Petkovic,Croatia,Forward,172,0,0,27.9,17.5,2,0,0,2
Euro 2020,Juranovic,Croatia,Defender,163,0,0,32.2,16.7,1,0,1,0
Euro 2020,Brekalo,Croatia,Forward,112,0,0,28.4,14,0,0,0,0
Euro 2020,Ivanusec,Croatia,Forward,65,0,0,29,8.9,1,0,1,0
Euro 2020,Orsic,Croatia,Forward,53,1,1,29,6.2,2,1,1,0
Euro 2020,Pasalic,Croatia,Midfielder,46,0,0,31.5,7.4,3,1,2,0
Euro 2020,Budimir,Croatia,Midfielder,41,0,0,28.8,6.2,2,0,1,1
Euro 2020,Barisic,Croatia,Defender,20,0,0,23.2,2.5,0,0,0,0
Euro 2020,Coufal,Czechia,Defender,450,0,2,31.7,55.4,3,0,0,3
Euro 2020,Kalas,Czechia,Defender,450,0,1,33.1,44.8,1,0,0,1
Euro 2020,Soucek,Czechia,Midfielder,450,0,0,28.6,57.8,11,1,7,3
Euro 2020,Vaclik,Czechia,Goalkeeper,450,0,0,27.7,22.3,0,0,0,0
Euro 2020,Celustka,Czechia,Defender,425,0,0,27.7,46.6,0,0,0,0
Euro 2020,Schick,Czechia,Forward,404,5,0,32.4,43.6,16,9,5,2
Euro 2020,Boril,Czechia,Defender,360,0,0,29,41.8,1,0,0,1
Euro 2020,Masopust,Czechia,Midfielder,323,0,0,30.4,42.3,2,1,0,1
Euro 2020,Holes,Czechia,Defender,300,1,1,29.9,37,6,4,2,0
Euro 2020,Darida,Czechia,Midfielder,249,0,0,29,34,2,1,1,0
Euro 2020,Jankto,Czechia,Midfielder,247,0,0,31.5,31.6,3,0,3,0
Euro 2020,Sevcik,Czechia,Midfielder,228,0,0,29,30.1,1,0,1,0
Euro 2020,Barak,Czechia,Midfielder,182,0,0,31,23.6,3,1,1,1
Euro 2020,Kral,Czechia,Midfielder,125,0,0,30.4,17.3,1,0,1,0
Euro 2020,Kaderabek,Czechia,Defender,90,0,0,29,9.1,1,0,0,1
Euro 2020,Hlozek,Czechia,Forward,76,0,0,26.8,11.2,1,0,1,0
Euro 2020,Krmencik,Czechia,Forward,65,0,0,27,8.7,4,2,1,1
Euro 2020,Vydra,Czechia,Forward,35,0,0,29,5.7,0,0,0,0
Euro 2020,Brabec,Czechia,Defender,25,0,0,27.4,3.4,0,0,0,0
Euro 2020,Pekhart,Czechia,Forward,15,0,0,25.4,2.2,1,0,1,0
Euro 2020,M. Sadilek,Czechia,Midfielder,1,0,0,23.4,0.7,0,0,0,0
Euro 2020,Maehle,Denmark,Defender,570,2,1,30.4,66.6,10,7,0,3
Euro 2020,Hojbjerg,Denmark,Midfielder,570,0,3,30.4,64.1,9,4,2,3
Euro 2020,Schmeichel,Denmark,Goalkeeper,570,0,0,25.4,23.3,0,0,0,0
Euro 2020,Braithwaite,Denmark,Forward,565,1,0,31.5,61.6,16,3,8,5
Euro 2020,Kjaer,Denmark,Defender,530,0,0,30.2,50,2,1,0,1
Euro 2020,Christensen,Denmark,Defender,520,1,0,33.3,51.2,4,2,0,2
Euro 2020,Vestergaard,Denmark,Defender,485,0,0,29.9,46.1,8,4,4,0
Euro 2020,Delaney,Denmark,Midfielder,462,1,0,30.6,53.5,7,1,4,2
Euro 2020,Damsgaard,Denmark,Forward,330,2,1,31.5,38.9,9,4,3,2
Euro 2020,Poulsen,Denmark,Forward,295,2,0,30.6,35.2,7,4,1,2
Euro 2020,Stryger,Denmark,Defender,287,0,1,31.5,33.2,0,0,0,0
Euro 2020,Wass,Denmark,Midfielder,270,0,0,30.8,31.5,4,2,2,0
Euro 2020,Dolberg,Denmark,Forward,225,3,0,30.6,24.7,7,5,1,1
Euro 2020,Norgaard,Denmark,Midfielder,161,0,0,29.9,23.2,0,0,0,0
Euro 2020,Jensen,Denmark,Midfielder,142,0,1,27.2,21,2,0,2,0
Euro 2020,Wind,Denmark,Forward,79,0,0,31.5,9.2,4,1,1,2
Euro 2020,Andersen,Denmark,Defender,63,0,0,25,8.7,1,0,1,0
Euro 2020,Cornelius,Denmark,Forward,58,0,1,27.9,8.6,4,1,1,2
Euro 2020,Eriksen,Denmark,Midfielder,43,0,0,28.6,5.1,2,1,0,1
Euro 2020,Skov Olsen,Denmark,Forward,33,0,0,27.4,5,0,0,0,0
Euro 2020,Boilesen,Denmark,Defender,13,0,0,23.2,1.9,0,0,0,0
Euro 2020,Pickford,England,Goalkeeper,690,0,0,23,37.4,0,0,0,0
Euro 2020,Stones,England,Defender,679,0,0,29.7,67.2,5,0,5,0
Euro 2020,Phillips,England,Midfielder,665,0,1,30.2,82.8,4,1,3,0
Euro 2020,Kane,England,Forward,649,4,0,30.8,74.3,15,8,6,1
Euro 2020,Sterling,England,Midfielder,641,3,1,33.1,68.2,14,7,4,3
Euro 2020,Walker,England,Defender,599,0,0,32.8,59.9,0,0,0,0
Euro 2020,Shaw,England,Defender,575,1,3,31,62.6,3,1,2,0
Euro 2020,Rice,England,Midfielder,538,0,0,31,62.5,1,1,0,0
Euro 2020,Maguire,England,Defender,510,1,0,30.6,51.3,8,4,4,0
Euro 2020,Mount,England,Midfielder,464,0,1,31.5,50.4,7,2,2,3
Euro 2020,Trippier,England,Defender,290,0,1,29.7,33.4,1,0,0,1
Euro 2020,Saka,England,Forward,272,0,1,31.3,31.4,0,0,0,0
Euro 2020,Mings,England,Defender,191,0,0,30.6,19.4,0,0,0,0
Euro 2020,Grealish,England,Midfielder,172,0,2,29.2,21.9,2,1,0,1
Euro 2020,Foden,England,Midfielder,159,0,0,31.5,19.8,2,0,2,0
Euro 2020,Henderson,England,Midfielder,151,1,0,28.6,20.5,1,1,0,0
Euro 2020,Sancho,England,Midfielder,97,0,0,30.4,12.1,0,0,0,0
Euro 2020,James,England,Defender,90,0,0,29.2,9,1,0,1,0
Euro 2020,Rashford,England,Forward,84,0,0,33.5,10.7,0,0,0,0
Euro 2020,Bellingham,England,Midfielder,56,0,0,26.5,7.9,0,0,0,0
Euro 2020,Calvert-Lewin,England,Forward,18,0,0,27.4,2.8,0,0,0,0
Euro 2020,Kamara,Finland,Midfielder,270,0,0,29.9,29.3,1,1,0,0
Euro 2020,O'Shaughnessy,Finland,Defender,270,0,0,28.8,28.5,0,0,0,0
Euro 2020,Arajuuri,Finland,Defender,270,0,0,27.2,26.7,1,0,1,0
Euro 2020,Hradecky,Finland,Goalkeeper,270,0,0,18,14.3,0,0,0,0
Euro 2020,Lod,Finland,Midfielder,269,0,0,29.7,32.6,2,0,1,1
Euro 2020,Toivio,Finland,Defender,265,0,0,28.6,27.2,1,0,1,0
Euro 2020,Raitala,Finland,Defender,254,0,0,31.5,25.9,0,0,0,0
Euro 2020,Uronen,Finland,Defender,250,0,1,29.7,28.2,0,0,0,0
Euro 2020,Pohjanpalo,Finland,Forward,244,1,0,28.8,27.4,7,1,1,5
Euro 2020,Pukki,Finland,Forward,240,0,0,33.3,27.1,4,1,0,3
Euro 2020,Sparv,Finland,Midfielder,135,0,0,28.1,16.2,0,0,0,0
Euro 2020,Schuller,Finland,Midfielder,112,0,0,25.4,15.8,0,0,0,0
Euro 2020,Kauko,Finland,Midfielder,57,0,0,25,7.9,2,0,1,1
Euro 2020,Alho,Finland,Midfielder,20,0,0,23.6,2.6,1,0,0,1
Euro 2020,Lappalainen,Finland,Forward,15,0,0,32.2,2.3,0,0,0,0
Euro 2020,Soiri,Finland,Midfielder,15,0,0,24.5,2.4,0,0,0,0
Euro 2020,Forss,Finland,Forward,7,0,0,27.7,1.8,0,0,0,0
Euro 2020,F. Jensen,Finland,Midfielder,6,0,0,25.4,1.8,0,0,0,0
Euro 2020,L. Vaisanen,Finland,Defender,1,0,0,17.7,0.5,0,0,0,0
Euro 2020,Mbappe,France,Forward,390,0,1,32.2,35.4,14,3,9,2
Euro 2020,Varane,France,Defender,390,0,0,32.6,40.8,2,0,2,0
Euro 2020,Kimpembe,France,Defender,390,0,0,31.5,37.2,0,0,0,0
Euro 2020,Kante,France,Midfielder,390,0,0,28.8,46.2,1,0,1,0
Euro 2020,Lloris,France,Goalkeeper,390,0,0,20.7,19.1,0,0,0,0
Euro 2020,Pogba,France,Midfielder,376,1,1,29.5,41.8,8,2,5,1
Euro 2020,Griezmann,France,Forward,355,1,1,30.2,39.6,7,3,3,1
Euro 2020,Benzema,France,Forward,349,4,0,29.5,37.1,11,5,3,3
Euro 2020,Rabiot,France,Midfielder,304,0,0,30.6,35.2,3,0,3,0
Euro 2020,Pavard,France,Defender,300,0,0,31,34.6,1,1,0,0
Euro 2020,L. Hernandez,France,Defender,135,0,1,26.6,14.7,0,0,0,0
Euro 2020,Digne,France,Defender,97,0,0,28.1,10.8,1,0,0,1
Euro 2020,Coman,France,Forward,90,0,0,33.7,10,4,2,2,0
Euro 2020,Kounde,France,Defender,90,0,0,29.9,9.8,0,0,0,0
Euro 2020,Tolisso,France,Midfielder,81,0,0,28.8,10.5,1,1,0,0
Euro 2020,Lenglet,France,Defender,45,0,0,23.9,4.7,0,0,0,0
Euro 2020,Giroud,France,Forward,40,0,0,8.8,4.5,2,1,0,1
Euro 2020,Sissoko,France,Midfielder,35,0,0,31.5,4.4,1,0,1,0
Euro 2020,Dembele,France,Forward,31,0,0,28.1,3.7,1,0,1,0
Euro 2020,Thuram,France,Forward,9,0,0,23.8,1.2,0,0,0,0
Euro 2020,Lemar,France,Midfielder,3,0,0,23.2,0.8,0,0,0,0
Euro 2020,Kimmich,Germany,Midfielder,360,0,2,30.2,44.6,1,1,0,0
Euro 2020,Rudiger,Germany,Defender,360,0,0,31,35.6,3,1,2,0
Euro 2020,Kroos,Germany,Midfielder,360,0,0,26.8,41.2,4,0,2,2
Euro 2020,Neuer,Germany,Goalkeeper,360,0,0,23.9,18.9,0,0,0,0
Euro 2020,Ginter,Germany,Defender,347,0,0,30.8,35,1,1,0,0
Euro 2020,Hummels,Germany,Defender,332,0,1,27.9,33.6,3,0,3,0
Euro 2020,Gosens,Germany,Defender,319,1,2,30.4,37.7,5,4,1,0
Euro 2020,Havertz,Germany,Midfielder,304,2,0,29.9,37.2,11,5,2,4
Euro 2020,Muller,Germany,Forward,262,0,0,29.5,35.1,6,1,3,2
Euro 2020,Gnabry,Germany,Forward,249,0,0,30.8,27.1,4,1,1,2
Euro 2020,Goretzka,Germany,Midfielder,239,1,0,29.5,16.5,1,0,1,0
Euro 2020,Gundogan,Germany,Midfielder,221,0,0,30.4,26.3,5,2,3,0
Euro 2020,Sane,Germany,Midfielder,112,0,0,32.2,14,1,0,1,0
Euro 2020,Werner,Germany,Forward,108,0,0,27.4,13.1,2,1,0,1
Euro 2020,Can,Germany,Defender,33,0,0,27,5,0,0,0,0
Euro 2020,Halstenberg,Germany,Defender,28,0,0,28.8,3.3,1,0,1,0
Euro 2020,Sule,Germany,Defender,17,0,0,26.5,2.1,0,0,0,0
Euro 2020,Volland,Germany,Forward,10,0,0,29.2,2.8,0,0,0,0
Euro 2020,Musiala,Germany,Midfielder,9,0,0,22.9,1.9,0,0,0,0
Euro 2020,Botka,Hungary,Defender,270,0,0,31.5,27.4,0,0,0,0
Euro 2020,A. Szalai,Hungary,Defender,270,0,0,31.3,29.1,0,0,0,0
Euro 2020,Orban,Hungary,Defender,270,0,0,28.8,27.7,0,0,0,0
Euro 2020,Gulacsi,Hungary,Goalkeeper,270,0,0,19,12.8,0,0,0,0
Euro 2020,A. Nagy,Hungary,Midfielder,268,0,0,28.1,34.8,0,0,0,0
Euro 2020,Fiola,Hungary,Defender,266,1,0,31.5,29.1,2,1,1,0
Euro 2020,Kleinheisler,Hungary,Midfielder,250,0,0,30.8,27.8,1,1,0,0
Euro 2020,Sallai,Hungary,Forward,242,0,2,29.2,27.8,8,3,3,2
Euro 2020,Schafer,Hungary,Midfielder,230,1,0,29.9,30.4,2,1,1,0
Euro 2020,Nego,Hungary,Defender,205,0,0,33.8,23.8,0,0,0,0
Euro 2020,Ad. Szalai,Hungary,Forward,198,1,1,26.1,22.6,5,4,1,0
Euro 2020,Lovrencsics,Hungary,Defender,98,0,0,29.7,11.7,0,0,0,0
Euro 2020,Nikolic,Hungary,Forward,66,0,0,29,9.8,0,0,0,0
Euro 2020,Schon,Hungary,Defender,28,0,0,27.4,4.5,0,0,0,0
Euro 2020,Cseri,Hungary,Midfielder,15,0,0,25.6,2.3,0,0,0,0
Euro 2020,Siger,Hungary,Midfielder,12,0,0,25,2.1,0,0,0,0
Euro 2020,K. Varga,Hungary,Midfielder,10,0,0,26.3,2.3,0,0,0,0
Euro 2020,R. Varga,Hungary,Midfielder,2,0,0,23.8,0.2,0,0,0,0
Euro 2020,Donnarumma,Italy,Goalkeeper,719,0,0,23.6,35.8,0,0,0,0
Euro 2020,Jorginho,Italy,Midfielder,705,0,0,27.7,86.4,0,0,0,0
Euro 2020,Bonucci,Italy,Defender,675,1,0,29.9,66.2,5,1,4,0
Euro 2020,Di Lorenzo,Italy,Defender,585,0,0,32.6,65.7,5,0,3,2
Euro 2020,Insigne,Italy,Forward,512,2,0,30.8,61.4,19,7,9,3
Euro 2020,Barella,Italy,Midfielder,472,1,1,31,59.7,0,0,0,0
Euro 2020,Immobile,Italy,Forward,444,2,1,31.7,54.3,18,3,9,6
Euro 2020,Chiellini,Italy,Defender,444,0,0,29,47.4,2,1,1,0
Euro 2020,Chiesa,Italy,Midfielder,438,1,0,33.1,47.8,17,6,6,5
Euro 2020,Veratti,Italy,Midfielder,400,0,3,27.4,49.9,4,2,1,1
Euro 2020,Spinazzola,Italy,Defender,379,0,2,33.8,43.2,7,2,4,1
Euro 2020,Berardi,Italy,Forward,375,0,2,31.5,42.9,14,2,6,6
Euro 2020,Emerson,Italy,Defender,292,0,0,30.6,34,3,1,1,1
Euro 2020,Locatelli,Italy,Midfielder,272,2,0,27.9,34.3,5,3,1,1
Euro 2020,Acerbi,Italy,Defender,231,0,1,30.4,25.5,1,0,1,0
Euro 2020,Belotti,Italy,Forward,216,0,0,30.2,24.7,9,2,5,2
Euro 2020,Pessina,Italy,Midfielder,191,2,0,30.2,25.9,3,2,1,0
Euro 2020,Toloi,Italy,Defender,158,0,1,30.8,18.5,3,0,3,0
Euro 2020,Cristante,Italy,Midfielder,129,0,0,27.7,18.8,3,1,1,1
Euro 2020,Bernardeschi,Italy,Midfielder,127,0,0,29.9,16.1,4,1,2,1
Euro 2020,Bastoni,Italy,Defender,90,0,0,24.5,8.9,0,0,0,0
Euro 2020,Florenzi,Italy,Defender,47,0,0,27.2,5.8,0,0,0,0
Euro 2020,Raspadori,Italy,Forward,15,0,0,25.2,2,1,0,0,1
Euro 2020,Castrovilli,Italy,Midfielder,3,0,0,24.1,0.9,0,0,0,0
Euro 2020,Sirigu,Italy,Goalkeeper,1,0,0,12,0.2,0,0,0,0
Euro 2020,Meret,Italy,Goalkeeper,NA,NA,NA,NA,NA,0,0,0,0
Euro 2020,Wijnaldum,Netherlands,Midfielder,360,3,0,31.3,41.3,10,4,1,4
Euro 2020,Stekelenburg,Netherlands,Goalkeeper,360,0,0,21.3,14.5,0,0,0,0
Euro 2020,F. de Jong,Netherlands,Midfielder,348,0,0,29,40.8,0,0,0,0
Euro 2020,Depay,Netherlands,Forward,327,2,2,30.8,35,12,4,4,4
Euro 2020,Dumfries,Netherlands,Defender,315,2,0,32.8,35.8,6,4,2,0
Euro 2020,De Vrij,Netherlands,Defender,315,0,0,29.7,33.2,1,1,0,0
Euro 2020,Van Aanholt,Netherlands,Defender,299,0,0,32.6,32.5,4,0,4,0
Euro 2020,Blind,Netherlands,Defender,299,0,0,29,30.9,0,0,0,0
Euro 2020,De Roon,Netherlands,Midfielder,237,0,0,29.5,26.6,1,0,1,0
Euro 2020,De Ligt,Netherlands,Defender,232,0,0,30.6,26.4,4,0,3,1
Euro 2020,Weghorst,Netherlands,Forward,193,1,0,29.2,22.4,6,2,3,1
Euro 2020,Malen,Netherlands,Forward,150,0,2,31.3,15.6,3,0,2,1
Euro 2020,J. Timber,Netherlands,Defender,142,0,0,28.4,15,0,0,0,0
Euro 2020,Gravenberch,Netherlands,Midfielder,106,0,0,30.4,16.5,2,0,2,0
Euro 2020,Promes,Netherlands,Forward,57,0,0,31,7.7,1,0,0,1
Euro 2020,Berghuis,Netherlands,Forward,54,0,0,29.5,7.4,1,0,0,1
Euro 2020,Ake,Netherlands,Defender,52,0,1,26.3,6.5,1,0,0,1
Euro 2020,Wijndal,Netherlands,Defender,52,0,0,29.5,7.2,0,0,0,0
Euro 2020,Gakpo,Netherlands,Forward,12,0,0,33.6,2,0,0,0,0
Euro 2020,L. de Jong,Netherlands,Forward,10,0,0,26.8,2.8,0,0,0,0
Euro 2020,Veltman,Netherlands,Defender,2,0,0,23.2,0.8,0,0,0,0
Euro 2020,Alioski,North Macedonia,Defender,270,1,0,31,29.9,3,2,0,1
Euro 2020,S. Ristovski,North Macedonia,Defender,270,0,0,30.2,30.6,1,0,1,0
Euro 2020,Elmas,North Macedonia,Midfielder,270,0,0,29.9,32,6,0,2,4
Euro 2020,Dimitrievski,North Macedonia,Goalkeeper,270,0,0,18.9,11.8,0,0,0,0
Euro 2020,Musliu,North Macedonia,Defender,266,0,0,29.9,27.6,1,0,1,0
Euro 2020,D. Velkovski,North Macedonia,Defender,265,0,0,27.9,26.6,1,0,1,0
Euro 2020,Ademi,North Macedonia,Midfielder,253,0,0,29.2,27.7,1,1,0,0
Euro 2020,Pandev,North Macedonia,Forward,248,1,0,29.5,27.1,2,1,1,0
Euro 2020,Bardhi,North Macedonia,Midfielder,237,0,0,27.7,27,5,1,2,2
Euro 2020,Trajkovski,North Macedonia,Forward,176,0,0,29.5,19.9,6,2,4,0
Euro 2020,Nikolov,North Macedonia,Midfielder,120,0,0,31.3,13.2,4,1,3,0
Euro 2020,Churlinov,North Macedonia,Midfielder,79,0,0,31.3,10,0,0,0,0
Euro 2020,Trickovski,North Macedonia,Forward,69,0,0,27,9.1,0,0,0,0
Euro 2020,Kostadinov,North Macedonia,Midfielder,49,0,0,26.1,7.8,0,0,0,0
Euro 2020,Spirovski,North Macedonia,Midfielder,45,0,0,26.5,5.3,0,0,0,0
Euro 2020,Bejtulai,North Macedonia,Defender,27,0,0,30.2,3.3,0,0,0,0
Euro 2020,Hasani,North Macedonia,Midfielder,22,0,0,25.4,3.2,0,0,0,0
Euro 2020,Avramovski,North Macedonia,Forward,13,0,0,27,2,1,0,1,0
Euro 2020,Stojanovski,North Macedonia,Forward,12,0,0,27,2.1,1,0,0,1
Euro 2020,Ristevski,North Macedonia,Defender,5,0,0,21.8,1.3,0,0,0,0
Euro 2020,M. Ristovski,North Macedonia,Forward,4,0,0,25.7,0.9,0,0,0,0
Euro 2020,Lewandowski,Poland,Forward,270,3,0,31.3,29.7,12,4,4,4
Euro 2020,Bereszynski,Poland,Defender,270,0,0,31.5,29.1,2,1,1,0
Euro 2020,Glik,Poland,Defender,270,0,0,26.1,27.4,1,0,1,0
Euro 2020,Szczesny,Poland,Goalkeeper,270,0,0,23.9,12.4,0,0,0,0
Euro 2020,Zielinski,Poland,Midfielder,265,0,1,28.1,33,7,2,3,2
Euro 2020,Bednarek,Poland,Defender,265,0,0,29.9,28.2,1,0,1,0
Euro 2020,Jozwiak,Poland,Midfielder,241,0,1,31.7,25.9,0,0,0,0
Euro 2020,Klich,Poland,Midfielder,213,0,0,29.9,25.9,1,0,1,0
Euro 2020,Swiderski,Poland,Forward,163,0,0,28.1,20.7,5,1,4,0
Euro 2020,Puchacz,Poland,Defender,151,0,0,31.3,16.1,1,0,1,0
Euro 2020,Krychowiak,Poland,Midfielder,140,0,0,30.6,16,4,1,1,2
Euro 2020,Moder,Poland,Midfielder,90,0,0,30.4,11,0,0,0,0
Euro 2020,Frankowsky,Poland,Defender,83,0,1,30.2,11.8,0,0,0,0
Euro 2020,Linetty,Poland,Midfielder,79,1,0,27.2,10,3,2,1,0
Euro 2020,Rybus,Poland,Defender,74,0,1,29.9,8.5,1,0,0,1
Euro 2020,Kozlowski,Poland,Midfielder,52,0,0,27.4,7.8,0,0,0,0
Euro 2020,Swierczok,Poland,Forward,29,0,0,26.5,3.4,1,0,0,1
Euro 2020,Placheta,Poland,Midfielder,12,0,0,24.1,2,1,0,1,0
Euro 2020,Dawidowicz,Poland,Midfielder,5,0,0,21.6,1.2,0,0,0,0
Euro 2020,Ronaldo,Portugal,Forward,360,5,1,29.7,36.1,16,8,5,3
Euro 2020,Guerreiro,Portugal,Defender,360,1,0,26.6,39.9,3,1,2,0
Euro 2020,Ruben Dias,Portugal,Defender,360,0,0,31.3,39.3,2,1,0,1
Euro 2020,Pepe,Portugal,Defender,360,0,0,30.6,37.1,1,1,0,0
Euro 2020,Rui Patricio,Portugal,Goalkeeper,360,0,0,17.6,16.9,0,0,0,0
Euro 2020,Diogo Jota,Portugal,Forward,324,1,1,31.7,35,8,3,4,1
Euro 2020,Nelson Semedo,Portugal,Defender,259,0,0,32,26.8,0,0,0,0
Euro 2020,Bernardo Silva,Portugal,Midfielder,243,0,0,29,27.9,0,0,0,0
Euro 2020,Danilo,Portugal,Midfielder,237,0,0,27,26.7,1,1,0,0
Euro 2020,Renato Sanches,Portugal,Midfielder,220,0,0,29,24.8,4,1,3,0
Euro 2020,Fernandes,Portugal,Midfielder,206,0,0,29,23.9,4,1,3,0
Euro 2020,Joao Moutinho,Portugal,Midfielder,154,0,0,23.6,19.1,3,0,2,1
Euro 2020,William Carvalho,Portugal,Midfielder,139,0,0,29.7,16.2,0,0,0,0
Euro 2020,Joao Pahlinha,Portugal,Midfielder,123,0,0,28.1,13.9,5,0,4,1
Euro 2020,Dalot,Portugal,Defender,101,0,0,28.6,11.2,0,0,0,0
Euro 2020,Rafa Silva,Portugal,Forward,51,0,2,32.8,6.5,0,0,0,0
Euro 2020,Andre Silva,Portugal,Forward,36,0,0,30.4,5.5,3,1,1,1
Euro 2020,Joao Felix,Portugal,Forward,35,0,0,30.4,5,3,1,2,0
Euro 2020,Ruben Neves,Portugal,Midfielder,18,0,0,25.2,2.6,0,0,0,0
Euro 2020,Sergio Oliveira,Portugal,Midfielder,14,0,0,22.5,3.3,0,0,0,0
Euro 2020,Golovin,Russia,Midfielder,270,0,0,31.3,36,5,1,3,1
Euro 2020,Dzhikiya,Russia,Defender,270,0,0,27.9,27.1,0,0,0,0
Euro 2020,Dzyuba,Russia,Forward,265,1,1,31.2,27.8,5,2,1,2
Euro 2020,Zobnin,Russia,Midfielder,243,0,0,29.5,30.8,3,0,2,1
Euro 2020,Diveev,Russia,Defender,225,0,0,28.8,24.5,1,0,1,0
Euro 2020,Ozdoev,Russia,Midfielder,212,0,0,29.5,27.7,4,0,3,1
Euro 2020,Mario Fernandes,Russia,Defender,206,0,0,29.5,23.2,2,1,1,0
Euro 2020,Kuznaev,Russia,Midfielder,186,0,0,29,22.8,1,1,0,0
Euro 2020,Safonov,Russia,Goalkeeper,180,0,0,20.4,10.3,0,0,0,0
Euro 2020,Al. Miranchuk,Russia,Forward,173,1,0,29.5,20.6,2,1,1,0
Euro 2020,Barinov,Russia,Midfielder,135,0,0,31,16.4,0,0,0,0
Euro 2020,Karavaev,Russia,Defender,134,0,0,32.2,18.5,0,0,0,0
Euro 2020,Semenov,Russia,Defender,90,0,0,30.2,9.9,0,0,0,0
Euro 2020,Shunin,Russia,Goalkeeper,90,0,0,19.8,4.7,0,0,0,0
Euro 2020,Kudryashov,Russia,Defender,67,0,0,25.4,6.6,0,0,0,0
Euro 2020,Zhemaletdinov,Russia,Midfielder,58,0,0,31.7,7.5,2,0,2,0
Euro 2020,Mukhin,Russia,Midfielder,55,0,0,30.4,8.2,0,0,0,0
Euro 2020,Zhirkov,Russia,Midfielder,43,0,0,28.6,4.5,0,0,0,0
Euro 2020,Sobolev,Russia,Forward,35,0,0,24.8,4.4,0,0,0,0
Euro 2020,Cheryshev,Russia,Midfielder,34,0,0,27.4,5,0,0,0,0
Euro 2020,McTominay,Scotland,Midfielder,270,0,0,32.2,32.1,4,1,2,1
Euro 2020,Robertson,Scotland,Defender,270,0,0,32,28.9,1,1,0,0
Euro 2020,McGinn,Scotland,Midfielder,270,0,0,28.1,31.4,7,1,1,5
Euro 2020,Marshall,Scotland,Goalkeeper,270,0,0,27.2,14.3,0,0,0,0
Euro 2020,Dykes,Scotland,Forward,259,0,0,29.9,26.6,6,2,1,3
Euro 2020,O'Donell,Scotland,Defender,253,0,0,31.7,29.2,1,1,0,0
Euro 2020,Adams,Scotland,Forward,215,0,0,31.3,21.8,7,1,3,3
Euro 2020,Hanley,Scotland,Defender,213,0,0,32.2,22,2,1,0,1
Euro 2020,McGregor,Scotland,Midfielder,203,1,0,29,26.9,2,1,1,0
Euro 2020,Tierney,Scotland,Defender,180,0,0,29.5,18.9,1,0,1,0
Euro 2020,Armstrong,Scotland,Midfielder,151,0,0,29,19.2,2,0,0,2
Euro 2020,Cooper,Scotland,Defender,90,0,0,28.4,9.8,0,0,0,0
Euro 2020,Gilmour,Scotland,Midfielder,76,0,0,27.9,9.3,0,0,0,0
Euro 2020,Hendry,Scotland,Defender,67,0,0,28.1,7.2,2,0,1,1
Euro 2020,McKenna,Scotland,Defender,57,0,0,27,6.6,1,0,1,0
Euro 2020,Christie,Scotland,Forward,45,0,0,27.9,5.5,0,0,0,0
Euro 2020,Fraser,Scotland,Midfielder,43,0,0,26.8,5.5,3,0,1,2
Euro 2020,Nisbet,Scotland,Forward,21,0,0,25,3.9,2,1,0,1
Euro 2020,Forrest,Scotland,Midfielder,11,0,0,27,2,1,0,0,1
Euro 2020,Patterson,Scotland,Defender,6,0,0,23.9,1.3,0,0,0,0
Euro 2020,Skriniar,Slovakia,Defender,270,1,0,28.4,26.5,1,1,0,0
Euro 2020,Kucka,Slovakia,Midfielder,270,0,0,29.9,32,5,1,3,1
Euro 2020,Satka,Slovakia,Defender,270,0,0,29.5,24.7,0,0,0,0
Euro 2020,Dubravka,Slovakia,Goalkeeper,270,0,0,22.3,11.8,0,0,0,0
Euro 2020,Hubocan,Slovakia,Defender,264,0,0,30.8,27.2,0,0,0,0
Euro 2020,Hamsik,Slovakia,Midfielder,256,0,1,27.7,31.2,4,0,2,2
Euro 2020,Mak,Slovakia,Midfielder,233,0,1,29.2,25.1,1,0,1,0
Euro 2020,Pekarik,Slovakia,Defender,233,0,0,29.2,24.9,1,0,0,1
Euro 2020,Duda,Slovakia,Midfielder,224,0,0,28.8,28.5,2,0,2,0
Euro 2020,Haraslin,Slovakia,Midfielder,182,0,0,30.6,19.1,3,0,2,1
Euro 2020,Hromada,Slovakia,Midfielder,124,0,0,26.5,15.4,0,0,0,0
Euro 2020,Koscelnik,Slovakia,Defender,101,0,0,29.7,11.3,1,0,1,0
Euro 2020,Hrosovsky,Slovakia,Midfielder,95,0,0,26.1,11.2,0,0,0,0
Euro 2020,Duris,Slovakia,Forward,54,0,0,27.2,7.6,2,0,1,1
Euro 2020,Lobotka,Slovakia,Midfielder,45,0,0,20.8,5.3,0,0,0,0
Euro 2020,Weiss,Slovakia,Midfielder,34,0,0,23.9,4.7,1,0,0,1
Euro 2020,Suslov,Slovakia,Midfielder,24,0,0,26.6,3.9,0,0,0,0
Euro 2020,Benes,Slovakia,Midfielder,14,0,0,25.7,3.2,0,0,0,0
Euro 2020,Hancko,Slovakia,Defender,6,0,0,28.6,1.4,3,0,0,3
Euro 2020,Gregus,Slovakia,Midfielder,1,0,0,24.1,0.5,0,0,0,0
Euro 2020,Laporte,Spain,Defender,630,1,0,30.4,65.9,2,1,0,1
Euro 2020,Unai Simon,Spain,Goalkeeper,630,0,0,25.7,34.7,0,0,0,0
Euro 2020,Pedri,Spain,Midfielder,629,0,0,30.4,76.1,0,0,0,0
Euro 2020,Jordi Alba,Spain,Defender,553,0,2,31.5,64.2,2,1,0,1
Euro 2020,Koke,Spain,Midfielder,481,0,0,27,61.7,7,1,6,0
Euro 2020,Morata,Spain,Forward,452,3,0,32,52.9,16,9,4,3
Euro 2020,Azpilicueta,Spain,Defender,402,1,0,30.6,42.3,4,3,0,1
Euro 2020,Sergio Busquets,Spain,Midfielder,397,0,0,27,46.8,3,1,2,0
Euro 2020,Olmo,Spain,Forward,379,0,3,28.6,42.6,20,7,7,6
Euro 2020,Pau Torres,Spain,Defender,372,0,2,28.1,41.6,3,1,2,0
Euro 2020,Ferran Torres,Spain,Forward,366,2,1,30.8,39.5,8,3,2,3
Euro 2020,Gerard Moreno,Spain,Forward,277,0,2,28.1,32.1,15,5,10,0
Euro 2020,Sarabia,Spain,Forward,252,2,2,27.4,30.8,8,4,4,0
Euro 2020,Eric Garcia,Spain,Defender,251,0,0,31,26.3,1,0,0,1
Euro 2020,Llorente,Spain,Midfielder,246,0,0,33.3,27.7,4,1,0,3
Euro 2020,Rodri,Spain,Midfielder,226,0,0,27.2,29.1,3,1,1,1
Euro 2020,Oyarzabal,Spain,Midfielder,164,1,0,32.2,21.1,9,4,3,2
Euro 2020,Gaya,Spain,Defender,77,0,1,31,7.4,3,1,1,1
Euro 2020,Fabian Ruiz,Spain,Midfielder,68,0,0,28.8,11.1,1,0,1,0
Euro 2020,Thiago Alcantara,Spain,Midfielder,65,0,0,27,8.9,2,0,0,2
Euro 2020,Traore,Spain,Forward,13,0,0,25,1.7,0,0,0,0
Euro 2020,Lindelof,Sweden,Defender,390,0,0,29.2,41.9,1,0,1,0
Euro 2020,Olsen,Sweden,Goalkeeper,390,0,0,24.3,20.1,0,0,0,0
Euro 2020,Ekdal,Sweden,Midfielder,388,0,0,27.7,47.2,2,0,1,1
Euro 2020,Forsberg,Sweden,Forward,371,4,0,29,41.4,14,4,7,3
Euro 2020,Danielson,Sweden,Defender,368,0,0,28.6,40.4,1,0,1,0
Euro 2020,S. Larsson,Sweden,Midfielder,367,0,0,29.7,44.4,4,2,2,0
Euro 2020,Augustinsson,Sweden,Defender,351,0,0,29.2,40.2,1,1,0,0
Euro 2020,K. Olsson,Sweden,Midfielder,339,0,0,29.9,42,1,0,0,1
Euro 2020,Isak,Sweden,Forward,324,0,1,32,35,7,1,3,3
Euro 2020,Lustig,Sweden,Defender,316,0,0,31,35.1,2,0,2,0
Euro 2020,Berg,Sweden,Forward,178,0,0,28.6,20.8,2,0,2,0
Euro 2020,Kulusevski,Sweden,Midfielder,132,0,2,29.2,16.9,3,1,0,2
Euro 2020,Quaison,Sweden,Midfielder,125,0,0,29,16.1,1,1,0,0
Euro 2020,Claesson,Sweden,Midfielder,82,1,0,27.9,12.7,2,1,0,1
Euro 2020,Krafth,Sweden,Defender,75,0,0,28.6,9.5,1,0,1,0
Euro 2020,Neurath Bengtsson,Sweden,Defender,45,0,0,30.6,7.2,0,0,0,0
Euro 2020,Helander,Sweden,Defender,19,0,0,22,2.3,0,0,0,0
Euro 2020,Cajuste,Sweden,Midfielder,6,0,0,24.8,1.8,0,0,0,0
Euro 2020,Svensson,Sweden,Midfielder,2,0,0,19.7,0.9,0,0,0,0
Euro 2020,Akanji,Switzerland,Defender,510,0,0,32.2,49.5,5,0,3,2
Euro 2020,Elvedi,Switzerland,Defender,510,0,0,30.2,49.9,2,0,2,0
Euro 2020,Sommer,Switzerland,Goalkeeper,510,0,0,19.2,24,0,0,0,0
Euro 2020,Rodriguez,Switzerland,Defender,477,0,0,29.7,49.5,3,1,2,0
Euro 2020,Frueler,Switzerland,Midfielder,461,0,1,29.7,56.1,0,0,0,0
Euro 2020,Xhaka,Switzerland,Midfielder,390,0,1,30.6,44.9,5,0,4,1
Euro 2020,Seferovic,Switzerland,Forward,382,3,0,32.4,41.3,13,5,4,4
Euro 2020,Shaqiri,Switzerland,Midfielder,371,3,1,29.5,42.4,12,5,4,3
Euro 2020,Embolo,Switzerland,Forward,367,1,0,32.8,35.3,11,4,4,3
Euro 2020,Widmer,Switzerland,Defender,294,0,0,32.2,34.3,1,0,1,0
Euro 2020,Zuber,Switzerland,Midfielder,286,0,4,32,32.7,6,4,2,0
Euro 2020,Mbabu,Switzerland,Defender,216,0,1,32.4,22.9,2,0,1,1
Euro 2020,Schar,Switzerland,Defender,190,0,0,27,18,2,1,1,0
Euro 2020,Vargas,Switzerland,Midfielder,167,0,0,31.7,21.4,1,0,0,1
Euro 2020,Gavranovic,Switzerland,Forward,152,1,0,26.3,18.1,1,1,0,0
Euro 2020,Zakaria,Switzerland,Midfielder,124,0,0,31.7,14.6,2,0,1,1
Euro 2020,Fassnacht,Switzerland,Midfielder,72,0,0,32,10.1,0,0,0,0
Euro 2020,Sow,Switzerland,Midfielder,45,0,0,27.9,7.4,1,0,1,0
Euro 2020,Mehmedi,Switzerland,Forward,38,0,0,26.3,5.8,2,1,1,0
Euro 2020,Benito,Switzerland,Defender,5,0,0,32.2,0.9,0,0,0,0
Euro 2020,Caglar Soyuncu,Turkiye,Defender,270,0,0,32,27.8,1,0,0,1
Euro 2020,Zeki Celik,Turkiye,Defender,270,0,0,31.5,30.7,1,0,1,0
Euro 2020,Burak Yilmaz,Turkiye,Defender,270,0,0,31.5,25.7,9,1,5,3
Euro 2020,Ugurcan Cakir,Turkiye,Goalkeeper,270,0,0,16.5,11.2,0,0,0,0
Euro 2020,Calhanoglu,Turkiye,Midfielder,266,0,1,31.3,30.3,1,1,0,0
Euro 2020,Merih Demiral,Turkiye,Defender,225,0,0,29.7,24.1,3,1,2,0
Euro 2020,Cengiz Under,Turkiye,Forward,208,0,0,32,22.6,8,1,3,4
Euro 2020,Kaan Ayhan,Turkiye,Defender,179,0,0,30.4,20,3,2,1,0
Euro 2020,Ozan Tufan,Turkiye,Midfielder,172,0,0,30.8,19.8,2,0,2,0
Euro 2020,Umut Meras,Turkiye,Defender,162,0,0,30.2,16.6,1,0,0,1
Euro 2020,Kenan Karaman,Turkiye,Forward,161,0,0,28.4,19.3,2,0,0,2
Euro 2020,Okay Yokuslu,Turkiye,Midfielder,137,0,0,27.2,16.3,0,0,0,0
Euro 2020,Yusuf Yazici,Turkiye,Midfielder,117,0,0,29,14.7,1,0,0,1
Euro 2020,Irfan Can Kahveci,Turkiye,Midfielder,112,1,0,31.3,13.6,2,1,1,0
Euro 2020,Mert Muldur,Turkiye,Defender,108,0,0,32.4,12.6,4,4,0,0
Euro 2020,Halil Dervisoglu,Turkiye,Forward,29,0,0,23.2,4,1,0,0,1
Euro 2020,Orkun Kokcu,Turkiye,Midfielder,10,0,0,28.8,1.6,0,0,0,0
Euro 2020,Dorukhan Tokoz,Turkiye,Midfielder,4,0,0,29.5,1,0,0,0,0
Euro 2020,Zinchenko,Ukraine,Defender,480,1,1,29,53.9,2,1,0,1
Euro 2020,Karavaiev,Ukraine,Defender,480,0,1,31.3,52.9,5,0,3,2
Euro 2020,Matviyenko,Ukraine,Defender,480,0,0,30.2,49.4,0,0,0,0
Euro 2020,Zabarnyi,Ukraine,Defender,480,0,0,28.8,49.9,2,1,0,1
Euro 2020,Bushchan,Ukraine,Goalkeeper,480,0,0,23.8,19.7,0,0,0,0
Euro 2020,Yarmolenko,Ukraine,Midfielder,445,2,2,30.4,51.4,10,5,4,1
Euro 2020,Yaremchuk,Ukraine,Forward,430,2,1,30.8,50,12,6,3,3
Euro 2020,Sydorchuk,Ukraine,Midfielder,374,0,0,30.4,43.5,2,0,1,1
Euro 2020,Mykolenko,Ukraine,Defender,355,0,0,31.5,37.9,0,0,0,0
Euro 2020,Shaparenko,Ukraine,Midfielder,323,0,0,28.8,40.2,3,1,2,0
Euro 2020,Malinovskyi,Ukraine,Midfielder,283,0,1,30.8,31.1,10,4,3,3
Euro 2020,Stepanenko,Ukraine,Midfielder,185,0,0,25.6,22.9,2,0,1,1
Euro 2020,Kryvtsov,Ukraine,Defender,155,0,0,22.1,16.1,0,0,0,0
Euro 2020,Tsygankov,Ukraine,Midfielder,139,0,0,29.7,18.4,1,0,1,0
Euro 2020,Marlos,Ukraine,Midfielder,73,0,0,24.8,8.7,0,0,0,0
Euro 2020,Makarenko,Ukraine,Midfielder,51,0,0,24.8,6.1,1,1,0,0
Euro 2020,Besedin,Ukraine,Forward,36,0,0,29.5,4.8,0,0,0,0
Euro 2020,Dovbyk,Ukraine,Forward,15,1,0,25.4,1.6,2,1,1,0
Euro 2020,Zubkov,Ukraine,Midfielder,13,0,0,0,1,0,0,0,0
Euro 2020,Bezus,Ukraine,Forward,2,0,0,29,0.7,0,0,0,0
Euro 2020,Sobolev,Ukraine,Defender,1,0,0,25.9,0.6,0,0,0,0
Euro 2020,Rodon,Wales,Defender,360,0,0,31.5,35.8,1,1,0,0
Euro 2020,Ward,Wales,Goalkeeper,360,0,0,21.4,14.2,0,0,0,0
Euro 2020,Bale,Wales,Forward,356,0,2,32,36.6,9,2,6,1
Euro 2020,Ramsey,Wales,Midfielder,354,1,0,29.7,42,7,3,1,3
Euro 2020,Allen,Wales,Midfielder,339,0,0,29.2,38.2,2,0,1,1
Euro 2020,D. James,Wales,Midfielder,316,0,0,33.5,31.6,4,2,2,0
Euro 2020,Roberts,Wales,Defender,310,1,0,32.8,34.2,2,1,0,1
Euro 2020,Morrell,Wales,Midfielder,299,0,1,27.9,34.3,1,0,0,1
Euro 2020,Moore,Wales,Forward,288,1,0,32.2,30.7,7,2,2,3
Euro 2020,B. Davies,Wales,Defender,274,0,0,27.7,28.4,3,0,2,1
Euro 2020,Mepham,Wales,Defender,270,0,0,30.4,25.9,1,0,0,1
Euro 2020,N. Williams,Wales,Defender,137,0,0,29.7,14.5,0,0,0,0
Euro 2020,Gunter,Wales,Defender,90,0,0,27.9,8.7,1,0,1,0
Euro 2020,Ampadu,Wales,Defender,73,0,0,25.4,8.3,0,0,0,0
Euro 2020,Wilson,Wales,Midfielder,52,0,0,29.2,6.6,1,0,0,1
Euro 2020,Brooks,Wales,Midfielder,31,0,0,27.7,4.1,0,0,0,0
Euro 2020,T. Roberts,Wales,Forward,12,0,0,24.3,1.9,0,0,0,0
Euro 2020,Levitt,Wales,Midfielder,4,0,0,23.6,0.9,0,0,0,0
Euro 2016,Agolli,Albania,Defender,270,0,0,29.9,28.8,0,0,0,0
Euro 2016,Abrashi,Albania,Midfielder,270,0,0,28.8,35.1,3,1,0,2
Euro 2016,Mavraj,Albania,Defender,270,0,0,27.9,27.3,3,0,3,0
Euro 2016,Hysaj,Albania,Defender,270,0,0,26.6,29.3,1,0,0,1
Euro 2016,E. Berisha,Albania,Goalkeeper,270,0,0,21.4,12.4,0,0,0,0
Euro 2016,Lenjani,Albania,Midfielder,257,0,0,19.4,29.1,4,0,1,3
Euro 2016,Sadiku,Albania,Forward,231,1,0,29.1,25.1,5,2,1,2
Euro 2016,Memushaj,Albania,Midfielder,180,0,1,25.7,21.6,7,2,4,1
Euro 2016,Arlind Ajeti,Albania,Defender,175,0,0,27.1,15.9,0,0,0,0
Euro 2016,Kukeli,Albania,Midfielder,164,0,0,28.8,19.4,0,0,0,0
Euro 2016,Lila,Albania,Defender,161,0,0,26.8,19.5,1,0,1,0
Euro 2016,Roshi,Albania,Midfielder,106,0,0,30.1,13.8,0,0,0,0
Euro 2016,Basha,Albania,Midfielder,83,0,0,24.2,9.1,2,1,1,0
Euro 2016,Xhaka,Albania,Midfielder,78,0,0,24.6,9.4,1,0,1,0
Euro 2016,Cana,Albania,Midfielder,43,0,0,25.6,4.7,1,1,0,0
Euro 2016,Balaj,Albania,Forward,31,0,0,27.3,4,0,0,0,0
Euro 2016,Kace,Albania,Midfielder,28,0,0,25.1,4.4,1,0,0,1
Euro 2016,Cikalleshi,Albania,Forward,16,0,0,22.5,2.5,0,0,0,0
Euro 2016,Gashi,Albania,Forward,8,0,0,23.7,1.6,1,1,0,0
Euro 2016,Veseli,Albania,Defender,5,0,0,25,1.3,0,0,0,0
Euro 2016,Arnautovic,Austria,Forward,270,0,0,30.7,30.9,4,2,2,0
Euro 2016,Fuchs,Austria,Defender,270,0,0,30.7,29.9,3,0,1,2
Euro 2016,Hinteregger,Austria,Defender,270,0,0,30.3,27.1,6,0,2,4
Euro 2016,Baumgartlinger,Austria,Midfielder,270,0,0,30.1,34.4,2,1,1,0
Euro 2016,Klein,Austria,Defender,270,0,0,29.2,30,0,0,0,0
Euro 2016,Almer,Austria,Goalkeeper,270,0,0,23.6,12.6,0,0,0,0
Euro 2016,Alaba,Austria,Defender,245,0,1,28.4,29,9,2,1,6
Euro 2016,Sabitzer,Austria,Midfielder,194,0,0,28.5,24.4,2,0,2,0
Euro 2016,Harnik,Austria,Midfielder,167,0,0,30.1,20.4,2,0,2,0
Euro 2016,Dragovic,Austria,Defender,156,0,0,25.7,15.5,1,0,1,0
Euro 2016,Prodl,Austria,Defender,135,0,0,24.8,12.1,0,0,0,0
Euro 2016,Ilsanker,Austria,Midfielder,132,0,0,28,15.9,1,1,0,0
Euro 2016,Janko,Austria,Forward,110,0,0,24.7,11.6,4,0,4,0
Euro 2016,Shopf,Austria,Midfielder,83,1,0,26.2,12.4,5,3,1,1
Euro 2016,Junuzovic,Austria,Midfielder,59,0,0,25.5,7.7,1,1,0,0
Euro 2016,Okotie,Austria,Forward,25,0,0,23.5,3.2,0,0,0,0
Euro 2016,Jantscher,Austria,Forward,12,0,0,25.5,1.9,0,0,0,0
Euro 2016,Hinterseer,Austria,Forward,5,0,0,22.5,1.2,0,0,0,0
Euro 2016,Wimmer,Austria,Defender,3,0,0,22.5,0.8,0,0,0,0
Euro 2016,Alderweirld,Belgium,Defender,450,1,0,28.6,46.3,6,2,3,1
Euro 2016,Witsel,Belgium,Midfielder,450,1,0,28.1,54.1,10,3,4,3
Euro 2016,De Bruyne,Belgium,Midfielder,450,0,2,29.4,56.4,22,10,7,5
Euro 2016,Courtois,Belgium,Goalkeeper,450,0,0,25.5,18.5,0,0,0,0
Euro 2016,E. Hazard,Belgium,Forward,440,1,4,30.7,49.7,12,3,3,6
Euro 2016,Lukaku,Belgium,Forward,401,2,0,30.5,37.4,0,0,0,0
Euro 2016,Nainggolan,Belgium,Midfielder,365,2,1,31,41.5,9,3,3,3
Euro 2016,Meunier,Belgium,Defender,360,0,1,30.6,44.7,4,3,1,0
Euro 2016,Vertonghen,Belgium,Defender,360,0,0,29.3,36.8,2,0,1,1
Euro 2016,Vermaelen,Belgium,Defender,360,0,0,27.8,33.8,0,0,0,0
Euro 2016,Carracso,Belgium,Forward,214,1,0,32.3,26.9,2,2,0,0
Euro 2016,Mertens,Belgium,Forward,158,0,0,29.4,19.4,12,4,4,4
Euro 2016,Fellaini,Belgium,Midfielder,144,0,0,26.8,19.1,2,0,2,0
Euro 2016,Denayer,Belgium,Defender,90,0,0,26.6,8.8,0,0,0,0
Euro 2016,Ciman,Belgium,Defender,76,0,0,28,7.9,1,0,0,1
Euro 2016,Lukaku,Belgium,Defender,75,0,0,31.6,7.6,11,5,6,0
Euro 2016,Dembele,Belgium,Forward,57,0,0,27.5,6,0,0,0,0
Euro 2016,Batshuayi,Belgium,Forward,21,1,0,27.3,2.7,2,2,0,0
Euro 2016,Origi,Belgium,Forward,18,0,0,30.8,2.1,2,0,2,0
Euro 2016,Benteke,Belgium,Forward,11,0,0,24.6,1.8,1,1,0,0
Euro 2016,Srna,Croatia,Midfielder,386,0,0,27.8,45.2,4,0,3,1
Euro 2016,Badelj,Croatia,Midfielder,386,0,0,27.4,45.9,4,1,3,0
Euro 2016,Subasic,Croatia,Goalkeeper,386,0,0,25.5,16.6,0,0,0,0
Euro 2016,Corluka,Croatia,Defender,385,0,0,29.1,39.3,0,0,0,0
Euro 2016,Perisic,Croatia,Midfielder,382,2,1,30.1,45.2,16,4,8,4
Euro 2016,Rakitic,Croatia,Midfielder,374,1,0,27.7,44.9,9,2,6,1
Euro 2016,Brozovic,Croatia,Midfielder,296,0,1,29.2,39.4,9,1,7,1
Euro 2016,Vida,Croatia,Defender,296,0,0,30,29.7,6,0,6,0
Euro 2016,Strinic,Croatia,Defender,295,0,0,30,32.7,1,0,1,0
Euro 2016,Modric,Croatia,Midfielder,272,1,0,27.5,30.1,2,1,1,0
Euro 2016,Mandzukic,Croatia,Forward,263,0,0,28.4,29.8,9,4,3,2
Euro 2016,n.Kalinic,Croatia,Forward,122,1,1,29.4,13.4,3,2,1,0
Euro 2016,Pjaca,Croatia,Forward,100,0,0,28.8,11.8,1,0,1,0
Euro 2016,Vrsaljko,Croatia,Defender,91,0,0,31.9,10.6,0,0,0,0
Euro 2016,Jedvaj,Croatia,Defender,90,0,0,26,9.3,1,1,0,0
Euro 2016,Rog,Croatia,Midfielder,82,0,0,23.8,9.8,1,0,0,1
Euro 2016,Kovacic,Croatia,Midfielder,32,0,0,27.5,5.5,1,0,0,1
Euro 2016,Kramaric,Croatia,Forward,5,0,0,24.9,1.7,0,0,0,0
Euro 2016,Schildenfeld,Croatia,Defender,2,0,0,26.4,1,0,0,0,0
Euro 2016,Cop,Croatia,Forward,1,0,0,23.1,0.4,0,0,0,0
Euro 2016,Darida,Czechia,Midfielder,266,0,0,30.3,37.4,7,3,2,2
Euro 2016,Hubnik,Czechia,Defender,266,0,0,30.2,29.3,1,1,0,0
Euro 2016,Kaderabek,Czechia,Defender,266,0,0,29.9,32,3,1,1,1
Euro 2016,Krejcil,Czechia,Midfielder,266,0,0,29.8,29.3,1,1,0,0
Euro 2016,Sivok,Czechia,Defender,266,0,0,21.8,14.5,4,0,3,1
Euro 2016,Cech,Czechia,Midfielder,266,0,0,21.8,14.5,0,0,0,0
Euro 2016,Plasil,Czechia,Midfielder,265,0,0,27.8,32.1,2,1,1,0
Euro 2016,Limbersky,Czechia,Defender,176,0,0,27.2,20.5,0,0,0,0
Euro 2016,Rosicky,Czechia,Midfielder,174,0,1,26.5,19.8,0,0,0,0
Euro 2016,Necid,Czechia,Forward,166,1,0,26.2,20,4,3,1,0
Euro 2016,Pudil,Czechia,Midfielder,90,0,0,31.2,10.4,0,0,0,0
Euro 2016,Gabre,Czechia,Defender,86,0,0,26.3,9.9,0,0,0,0
Euro 2016,Lafata,Czechia,Forward,82,0,0,25.5,9.6,2,0,0,2
Euro 2016,Dockal,Czechia,Midfielder,71,0,0,25.1,7.5,0,0,0,0
Euro 2016,Skalak,Czechia,Midfielder,67,0,0,30.3,8,0,0,0,0
Euro 2016,Pavelka,Czechia,Midfielder,59,0,0,26.5,7.2,0,0,0,0
Euro 2016,Skoda,Czechia,Forward,52,1,0,29.9,7.5,2,2,0,0
Euro 2016,Sural,Czechia,Forward,42,0,0,26.7,7.1,0,0,0,0
Euro 2016,Kolar,Czechia,Midfielder,1,0,0,20.6,0.8,0,0,0,0
Euro 2016,Smalling,England,Defender,360,0,0,29.3,37.8,3,1,2,0
Euro 2016,Hart,England,Goalkeeper,360,0,0,27.8,16.9,0,0,0,0
Euro 2016,Cahill,England,Defender,360,0,0,27.4,39.3,5,1,3,1
Euro 2016,Dier,England,Defender,315,1,0,29.3,36.3,9,2,2,5
Euro 2016,Alli,England,Midfielder,299,0,1,28.9,38.5,12,0,7,5
Euro 2016,Rooney,England,Forward,289,1,0,27.4,34.3,11,4,5,2
Euro 2016,Walker,England,Defender,270,0,0,30,29.8,1,0,0,1
Euro 2016,Rose,England,Defender,270,0,0,29.3,30.1,1,0,1,0
Euro 2016,Kane,England,Forward,239,0,0,29.2,27.9,14,4,6,4
Euro 2016,Lallana,England,Midfielder,224,0,0,28.4,28.9,7,2,3,2
Euro 2016,Sturridge,England,Forward,211,1,0,29.1,22.4,10,3,3,4
Euro 2016,Sterling,England,Midfielder,192,0,0,30.7,20.7,2,0,1,1
Euro 2016,Vardy,England,Forward,165,1,0,30.2,18.1,4,2,2,0
Euro 2016,Wilshere,England,Defender,113,0,0,28.7,13.8,1,0,1,0
Euro 2016,Clyne,England,Defender,90,0,0,29.5,10.3,1,1,0,0
Euro 2016,Henderson,England,Midfielder,90,0,0,27.6,11.4,2,0,0,2
Euro 2016,Bertrand,England,Defender,90,0,0,27.2,10.7,0,0,0,0
Euro 2016,Rashford,England,Forward,20,0,0,28.2,3,0,0,0,0
Euro 2016,Milner,England,Midfielder,3,0,0,24.6,1,0,0,0,0
Euro 2016,Sagna,France,Defender,660,0,1,30.1,73.5,1,0,1,0
Euro 2016,Evra,France,Defender,660,0,0,30.1,66.4,1,0,0,1
Euro 2016,Lloris,France,Goalkeeper,660,0,0,21.8,33,0,0,0,0
Euro 2016,Koscielny,France,Defender,642,0,0,30.1,66.3,4,0,3,1
Euro 2016,Pogba,France,Midfielder,602,0,0,29.1,70.5,16,7,6,3
Euro 2016,Matuidi,France,Midfielder,583,0,1,29,70.8,4,1,2,1
Euro 2016,Griezmann,France,Forward,554,0,2,31,66.4,26,14,5,7
Euro 2016,Payet,France,Forward,505,0,2,27.4,56.3,20,7,7,6
Euro 2016,Giroud,France,Forward,456,0,2,29.7,49.8,15,6,7,2
Euro 2016,Sissoko,France,Midfielder,382,0,0,29.8,45.6,8,3,4,1
Euro 2016,Rami,France,Defender,360,0,1,30.3,39.3,0,0,0,0
Euro 2016,Umtiti,France,Defender,300,0,0,29.3,29.6,0,0,0,0
Euro 2016,Coman,France,Forward,271,0,0,32.8,33,6,1,3,2
Euro 2016,Kante,France,Midfielder,244,0,1,30.7,30.3,3,0,0,3
Euro 2016,Gignac,France,Forward,204,0,1,29.8,26.3,12,3,4,5
Euro 2016,Cabaye,France,Defender,91,0,0,28.4,11,1,0,0,1
Euro 2016,Martial,France,Forward,68,0,0,30,7.5,4,1,0,3
Euro 2016,Mangala,France,Defender,18,0,0,23.5,2.1,0,0,0,0
Euro 2016,Ozil,Germany,Midfielder,570,1,1,30.5,66.1,14,6,6,2
Euro 2016,Muller,Germany,Forward,570,0,1,30.5,71.5,19,7,8,4
Euro 2016,Hector,Germany,Defender,570,0,1,30.1,72,3,0,3,0
Euro 2016,Kroos,Germany,Midfielder,570,0,1,29.1,68.3,15,4,6,5
Euro 2016,Neuer,Germany,Goalkeeper,570,0,0,24.7,30.1,0,0,0,0
Euro 2016,Boateng,Germany,Defender,509,1,0,31.2,51.2,4,1,2,1
Euro 2016,Howedes,Germany,Defender,422,0,0,28.8,48.2,1,0,1,0
Euro 2016,Kimmich,Germany,Midfielder,390,0,0,30.3,50,5,0,3,2
Euro 2016,Hummels,Germany,Defender,390,0,0,27.9,40,2,0,1,1
Euro 2016,Draxler,Germany,Midfielder,359,1,1,28.9,44.1,10,2,5,3
Euro 2016,Khedira,Germany,Midfielder,341,0,0,29.6,42.5,9,4,2,3
Euro 2016,Gomez,Germany,Forward,271,2,0,28.2,29.3,10,5,3,2
Euro 2016,Gotze,Germany,Midfielder,233,0,0,27.8,29.6,8,4,3,1
Euro 2016,Schweinsteiger,Germany,Midfielder,219,1,0,27,27.1,3,2,1,0
Euro 2016,Mustafi,Germany,Defender,119,1,0,26.2,13.8,2,1,1,0
Euro 2016,Schurrle,Germany,Midfielder,71,0,0,28.7,9.2,2,0,1,1
Euro 2016,Can,Germany,Defender,67,0,0,28.9,7.8,1,1,0,0
Euro 2016,Podolski,Germany,Forward,18,0,0,26,2.3,0,0,0,0
Euro 2016,Sane,Germany,Midfielder,11,0,0,28.9,2.1,0,0,0,0
Euro 2016,Guzmics,Hungary,Defender,360,0,0,31.6,36.3,0,0,0,0
Euro 2016,Lang,Hungary,Defender,360,0,0,31.2,42.3,0,0,0,0
Euro 2016,Kadar,Hungary,Defender,270,0,0,30.3,26.4,2,0,1,1
Euro 2016,A.Nagy,Hungary,Midfielder,270,0,0,29.3,36,1,0,1,0
Euro 2016,Gera,Hungary,Midfielder,270,1,0,26.8,32.2,4,2,2,0
Euro 2016,Juhasz,Hungary,Defender,253,0,0,28.4,25.2,2,0,2,0
Euro 2016,Dzsudzsak,Hungary,Midfielder,360,2,0,30.2,39.8,12,6,2,4
Euro 2016,Pinter,Hungary,Defender,166,0,0,27.7,21.6,2,1,1,0
Euro 2016,Kleinheisler,Hungary,Midfielder,169,0,1,27.6,20.1,7,2,4,1
Euro 2016,Fiola,Hungary,Defender,90,0,0,28.4,10.6,1,1,0,0
Euro 2016,Ad. Szalai,Hungary,Forward,236,1,0,29.8,26.9,9,4,2,3
Euro 2016,Elek,Hungary,Defender,135,0,0,26.4,17.1,4,2,1,1
Euro 2016,Korhut,Hungary,Defender,90,0,0,26.9,9.7,0,0,0,0
Euro 2016,Stieber,Hungary,Forward,83,1,0,30.1,11.5,1,1,0,0
Euro 2016,Bese,Hungary,Defender,45,0,0,28.2,5,0,0,0,0
Euro 2016,Nemeth,Hungary,Forward,108,0,0,26.5,11.7,1,1,0,0
Euro 2016,Priskin,Hungary,Forward,86,0,1,26.5,10.2,1,0,1,0
Euro 2016,Lovrencsics,Hungary,Defender,173,0,0,30.7,19.2,5,2,3,0
Euro 2016,Kiraly,Hungary,Goalkeeper,360,0,0,22.7,17.8,0,0,0,0
Euro 2016,Nikolic,Hungary,Forward,40,0,1,26,5.5,0,0,0,0
Euro 2016,Bode,Hungary,Forward,36,0,0,24.3,3.8,1,1,0,0
Euro 2016,Bonucci,Italy,Defender,480,1,1,28.1,47.9,1,1,0,0
Euro 2016,Barzagli,Italy,Defender,480,0,0,30.5,54.2,0,0,0,0
Euro 2016,Giaccherini,Italy,Midfielder,390,1,1,27.7,53.7,5,2,0,3
Euro 2016,Buffon,Italy,Goalkeeper,390,0,0,28.8,20.9,0,0,0,0
Euro 2016,Parolo,Italy,Midfielder,390,0,0,27.9,52.5,4,0,3,1
Euro 2016,Chiellini,Italy,Defender,389,1,0,27.6,46.1,1,1,0,0
Euro 2016,Pelle,Italy,Forward,360,2,0,28,43.2,11,4,6,1
Euro 2016,Eder,Italy,Forward,355,1,0,30.7,42.9,7,3,0,4
Euro 2016,Florenzi,Italy,Defender,345,0,0,30.7,42.1,3,2,0,1
Euro 2016,De Sciglio,Italy,Defender,323,0,0,29.6,38.7,2,0,1,1
Euro 2016,Sturaro,Italy,Midfielder,215,0,0,29.1,27.9,2,0,1,1
Euro 2016,De Rossi,Italy,Midfielder,206,0,0,28.6,26.1,0,0,0,0
Euro 2016,Candreva,Italy,Midfielder,180,0,1,30.1,23.3,3,2,0,1
Euro 2016,Thiago Motta,Italy,Midfielder,154,0,0,27.4,19.3,0,0,0,0
Euro 2016,Darmian,Italy,Defender,128,0,1,29.4,17.1,0,0,0,0
Euro 2016,Zaza,Italy,Forward,121,0,1,30.7,13.2,1,0,1,0
Euro 2016,Ogbonna,Italy,Defender,90,0,0,25,8.3,0,0,0,0
Euro 2016,Sirigu,Italy,Goalkeeper,90,0,0,22.5,4.7,0,0,0,0
Euro 2016,Immobile,Italy,Forward,89,0,0,26.9,11.2,2,1,1,0
Euro 2016,Bernardeschi,Italy,Midfielder,60,0,0,29.7,7,0,0,0,0
Euro 2016,Insigne,Italy,Forward,36,0,0,26,6,4,2,1,1
Euro 2016,El Shaarawy,Italy,Forward,9,0,0,20.7,1.4,1,1,0,0
Euro 2016,Evans,Northern Ireland,Defender,360,0,0,31.2,41,1,0,0,1
Euro 2016,Davis,Northern Ireland,Midfielder,360,0,0,29.7,43.5,2,1,0,1
Euro 2016,Cathcart,Northern Ireland,Defender,360,0,0,27.7,39,1,0,1,0
Euro 2016,McGovern,Northern Ireland,Goalkeeper,360,0,0,25.7,16.8,0,0,0,0
Euro 2016,McAuley,Northern Ireland,Defender,354,1,0,26.6,38.4,3,2,0,1
Euro 2016,Norwood,Northern Ireland,Midfielder,349,0,1,25.8,41.1,2,2,0,0
Euro 2016,Dallas,Northern Ireland,Midfielder,315,0,1,29.4,39.9,3,3,0,0
Euro 2016,Hughes,Northern Ireland,Defender,270,0,0,30.9,31.6,0,0,0,0
Euro 2016,Evans,Northern Ireland,Midfielder,263,0,0,26.5,33.1,1,0,0,1
Euro 2016,Ward,Northern Ireland,Midfielder,222,0,0,27.5,24.4,4,2,0,2
Euro 2016,Lafferty,Northern Ireland,Forward,211,0,0,30.5,20.6,2,0,2,0
Euro 2016,Washington,Northern Ireland,Forward,188,0,0,30,21.2,3,0,3,0
Euro 2016,McLaughlin,Northern Ireland,Defender,90,0,0,26.7,10.1,0,0,0,0
Euro 2016,Baird,Northern Ireland,Defender,76,0,0,24.2,8.5,0,0,0,0
Euro 2016,Ferguson,Northern Ireland,Midfielder,66,0,0,27.3,7.3,0,0,0,0
Euro 2016,McNair,Northern Ireland,Defender,46,0,0,25.5,6,0,0,0,0
Euro 2016,McGinn,Northern Ireland,Forward,38,1,0,25.6,6.1,1,1,0,0
Euro 2016,Magennis,Northern Ireland,Midfielder,32,0,0,30,5.2,0,0,0,0
Euro 2016,Lewandowski,Poland,Forward,510,1,0,29.8,58.3,12,6,3,3
Euro 2016,Jedrzejczyk,Poland,Defender,510,0,0,25.7,58.1,0,0,0,0
Euro 2016,Krychowiak,Poland,Midfielder,510,0,0,30,57.2,2,0,2,0
Euro 2016,Gilk,Poland,Defender,510,0,0,29.1,49.3,2,0,1,1
Euro 2016,Pazdan,Poland,Defender,510,0,0,31.9,51.8,2,0,2,0
Euro 2016,Milik,Poland,Forward,509,1,1,29.1,61.9,19,6,10,3
Euro 2016,Blaszcyko,Poland,Midfielder,445,2,1,25,49.9,7,3,2,2
Euro 2016,Piszczek,Poland,Midfielder,420,0,0,31.2,46.4,4,0,2,2
Euro 2016,Fabianski,Poland,Goalkeeper,420,0,0,28.7,19.9,0,0,0,0
Euro 2016,Maczynski,Poland,Midfielder,353,0,0,31.2,44.8,0,0,0,0
Euro 2016,Grosicki,Poland,Midfielder,302,0,2,28.7,35.7,7,0,4,3
Euro 2016,Kapustka,Poland,Midfielder,207,0,0,31.2,25.6,6,1,2,3
Euro 2016,Jodlowiec,Poland,Midfielder,157,0,0,27.3,21.8,2,1,0,1
Euro 2016,Szczesny,Poland,Goalkeeper,90,0,0,15.5,10.7,0,0,0,0
Euro 2016,Zielinski,Poland,Midfielder,45,0,0,25.7,6,0,0,0,0
Euro 2016,Peszko,Poland,Midfielder,21,0,0,25.7,3.3,0,0,0,0
Euro 2016,Rui Patricio,Portugal,Goalkeeper,720,0,0,21.1,38.2,0,0,0,0
Euro 2016,Nani,Portugal,Forward,706,3,1,31,84.4,21,9,11,1
Euro 2016,Pepe,Portugal,Defender,630,0,0,29,66.8,4,2,2,0
Euro 2016,Ronaldo,Portugal,Forward,625,3,3,29.1,62.8,46,12,17,17
Euro 2016,Joao Mario,Portugal,Midfielder,562,0,1,29.7,66.4,8,0,5,3
Euro 2016,William,Portugal,Midfielder,516,0,0,27.3,61.7,1,1,0,0
Euro 2016,Guerreiro,Portugal,Defender,510,0,1,28.7,59.4,3,1,1,1
Euro 2016,Cedric,Portugal,Defender,450,0,0,30.3,51.1,2,0,2,0
Euro 2016,Fonte,Portugal,Defender,450,0,0,29.6,46.8,3,2,1,0
Euro 2016,Renato,Portugal,Midfielder,407,0,0,29.4,46.9,5,1,2,2
Euro 2016,Silva,Portugal,Midfielder,326,0,0,29.1,41,3,0,2,1
Euro 2016,Joao,Portugal,Midfielder,318,1,1,28,37.3,0,0,0,0
Euro 2016,Andre,Portugal,Midfielder,294,0,1,29.4,37.2,6,2,1,3
Euro 2016,Quaresma,Portugal,Midfielder,286,1,1,29.7,34.8,6,3,2,1
Euro 2016,Vieirinha,Portugal,Defender,270,0,0,26.3,29,3,2,0,1
Euro 2016,Ricardo,Portugal,Defender,270,0,0,26,28.6,2,0,2,0
Euro 2016,Danilo,Portugal,Midfielder,225,0,0,29,26.4,2,1,0,1
Euro 2016,Eliseu,Portugal,Defender,210,0,0,29.5,21.4,1,0,0,0
Euro 2016,Bruno,Portugal,Defender,90,0,0,27,9.5,0,0,0,0
Euro 2016,Eder,Portugal,Forward,54,1,0,25.6,7.1,1,2,0,0
Euro 2016,Brady,Ireland,Midfielder,360,2,0,30.7,39.5,7,2,2,3
Euro 2016,Coleman,Ireland,Defender,360,0,1,29.5,39.8,1,0,0,1
Euro 2016,Hendrick,Ireland,Midfielder,360,0,0,28.3,43.4,7,3,3,1
Euro 2016,Randolph,Ireland,Goalkeeper,360,0,0,21.3,14,0,0,0,0
Euro 2016,S.Long,Ireland,Forward,348,0,0,31.8,37.6,1,0,1,0
Euro 2016,McCarthy,Ireland,Midfielder,295,0,0,29.4,31.7,0,0,0,0
Euro 2016,Ward,Ireland,Defender,270,0,0,29.5,28.9,3,1,1,1
Euro 2016,McClean,Ireland,Midfielder,212,0,0,30.5,27.8,4,1,3,0
Euro 2016,O'Shea,Ireland,Defender,202,0,0,27.6,20,0,0,0,0
Euro 2016,Hoolahan,Ireland,Midfielder,181,1,1,27.7,23.6,3,2,0,0
Euro 2016,Keogh,Ireland,Defender,180,0,0,29.5,19.1,0,0,0,0
Euro 2016,Clark,Ireland,Defender,180,0,0,27.2,17.1,2,0,2,0
Euro 2016,Whelan,Ireland,Midfielder,180,0,0,26.7,19.6,0,0,0,0
Euro 2016,Duffy,Ireland,Defender,156,0,0,25.3,15.7,3,0,3,0
Euro 2016,Murphy,Ireland,Forward,135,0,0,28.4,14.3,3,2,0,1
Euro 2016,Walters,Ireland,Forward,89,0,0,27.1,10.3,1,0,1,0
Euro 2016,McGeady,Ireland,Midfielder,44,0,0,29.1,6.4,3,1,2,0
Euro 2016,Keane,Ireland,Forward,23,0,0,25.4,3.4,0,0,0,0
Euro 2016,Grigore,Romania,Defender,270,0,0,31.2,27.5,0,0,0,0
Euro 2016,Sapunaru,Romania,Defender,270,0,0,29.8,28.1,2,0,2,0
Euro 2016,Chiriches,Romania,Defender,270,0,0,29.1,27.3,0,0,0,0
Euro 2016,Tatarusanu,Romania,Goalkeeper,270,0,0,18.8,14.2,0,0,0,0
Euro 2016,Stancu,Romania,Forward,264,2,0,28.4,28.9,6,4,1,1
Euro 2016,Hoban,Romania,Midfielder,225,0,0,29.5,26.6,5,1,2,2
Euro 2016,Stanciu,Romania,Midfielder,162,0,0,25.3,19.6,6,4,1,1
Euro 2016,Rat,Romania,Defender,152,0,0,27.2,15.4,0,0,0,0
Euro 2016,Popa,Romania,Midfielder,150,0,0,28,16.4,0,0,0,0
Euro 2016,Pintilii,Romania,Midfielder,135,0,0,26,15.9,2,0,1,1
Euro 2016,Prepelita,Romania,Midfielder,135,0,0,25.5,15.4,0,0,0,0
Euro 2016,Torje,Romania,Midfielder,131,0,0,29.9,15.8,0,0,0,0
Euro 2016,Chipciu,Romania,Defender,108,0,0,26.5,12.1,2,0,1,1
Euro 2016,Matel,Romania,Defender,90,0,0,28.6,9.4,1,0,1,0
Euro 2016,Keseru,Romania,Forward,90,0,0,25.7,9.3,4,2,2,0
Euro 2016,Andone,Romania,Forward,89,0,0,28.1,10.9,3,0,3,0
Euro 2016,Alibec,Romania,Forward,86,0,0,27.8,8.6,3,1,1,1
Euro 2016,Sanmarte,Romania,Midfielder,45,0,0,24.8,4.8,1,0,0,1
Euro 2016,Filip,Romania,Defender,28,0,0,24.9,3.6,0,0,0,NA
Euro 2016,Smolnikov,Russia,Defender,270,0,0,31.2,30.1,1,0,0,1
Euro 2016,Ignashevich,Russia,Midfielder,270,0,0,29,29.2,3,1,1,1
Euro 2016,Akinfeev,Russia,Goalkeeper,270,0,0,28.3,10.4,0,0,0,0
Euro 2016,Dzyuba,Russia,Forward,270,0,0,28,27.8,8,1,5,2
Euro 2016,Kokorin,Russia,Forward,255,0,0,28.8,31.2,4,0,1,3
Euro 2016,Smoloy,Russia,Forward,245,0,0,28.4,29.1,0,0,0,0
Euro 2016,V.Berezut,Russia,Midfielder,225,1,0,26.4,25.8,2,1,1,0
Euro 2016,Schennikov,Russia,Defender,180,0,1,20.9,21.3,0,0,0,0
Euro 2016,Shatov,Russia,Midfielder,180,0,1,30.4,23.5,2,0,1,1
Euro 2016,Golovin,Russia,Midfielder,160,0,0,25.2,20.7,2,0,1,1
Euro 2016,Glushakov,Russia,Midfielder,145,1,0,28.6,18.8,4,1,3,0
Euro 2016,Mamaev,Russia,Midfielder,140,0,0,27.5,17.4,2,0,2,0
Euro 2016,Neustadter,Russia,Defender,125,0,0,24.9,14.7,0,0,0,0
Euro 2016,Kombarov,Russia,Defender,90,0,0,26,11.1,1,0,0,1
Euro 2016,Shirokov,Russia,Midfielder,80,0,0,27,10.8,0,0,0,0
Euro 2016,A.Berezut,Russia,Defender,45,0,0,26.4,5.1,0,0,0,0
Euro 2016,Samedov,Russia,Midfielder,20,0,0,24.5,2.7,0,0,0,0
Euro 2016,Hamsik,Slovakia,Midfielder,360,1,1,31.2,45.8,10,1,4,5
Euro 2016,Skrtel,Slovakia,Defender,360,0,0,20.3,36.3,0,0,0,0
Euro 2016,Pekarik,Slovakia,Defender,360,0,0,29.7,46,0,0,0,0
Euro 2016,Durica,Slovakia,Defender,360,0,0,28.2,33.6,2,0,2,0
Euro 2016,Kucka,Slovakia,Midfielder,360,0,0,26.1,44.6,5,3,2,0
Euro 2016,Kozacik,Slovakia,Goalkeeper,360,0,0,22,16.9,0,0,0,0
Euro 2016,Weiss,Slovakia,Midfielder,278,1,1,28.7,27.6,4,2,2,0
Euro 2016,Mak,Slovakia,Midfielder,260,0,1,28.4,29.6,5,2,3,0
Euro 2016,Hubocan,Slovakia,Defender,180,0,0,27.5,18.7,0,0,0,0
Euro 2016,Pecovsky,Slovakia,Defender,157,0,0,28.9,18.3,1,0,1,0
Euro 2016,Duda,Slovakia,Midfielder,154,1,0,29.7,22,2,1,1,0
Euro 2016,Hrosovsky,Slovakia,Midfielder,150,0,0,26.5,18.3,0,0,0,0
Euro 2016,Svento,Slovakia,Midfielder,141,0,0,25.1,16.7,0,0,0,0
Euro 2016,Duris,Slovakia,Forward,133,0,0,29,16.5,1,0,0,1
Euro 2016,Gyomber,Slovakia,Defender,107,0,0,28,12.8,0,0,0,0
Euro 2016,Skriniar,Slovakia,Defender,102,0,0,25.3,12.7,1,0,1,0
Euro 2016,Nemec,Slovakia,Forward,54,0,0,25,7.7,1,0,1,0
Euro 2016,Gregus,Slovakia,Midfielder,45,0,0,30.3,6.1,1,0,1,0
Euro 2016,Sestak,Slovakia,Forward,26,0,0,28.4,3,0,0,0,0
Euro 2016,Stoch,Slovakia,Midfielder,7,0,0,23.2,1.4,0,0,0,0
Euro 2016,Salata,Slovakia,Defender,6,0,0,21.5,0.9,0,0,0,0
Euro 2016,Pique,Spain,Defender,360,1,0,28.7,37.8,0,0,0,0
Euro 2016,Iniesta,Spain,Forward,360,0,1,26.3,40.5,6,3,1,2
Euro 2016,Ramos,Spain,Defender,360,0,0,29.1,39,0,0,0,0
Euro 2016,Juanfran,Spain,Defender,360,0,0,28.2,41.9,1,0,1,0
Euro 2016,Sergio,Spain,Midfielder,360,0,0,27.2,41.6,1,0,1,0
Euro 2016,De gea,Spain,Goalkeeper,360,0,0,18.6,12.3,0,0,0,0
Euro 2016,Jordi Alba,Spain,Defender,351,0,1,29.1,42.9,2,1,0,1
Euro 2016,David Silva,Spain,Midfielder,334,0,0,28,38.7,0,0,0,0
Euro 2016,Fabregas,Spain,Midfielder,315,0,1,26.6,40.6,2,0,1,1
Euro 2016,Morata,Spain,Forward,289,3,0,30.1,31.4,13,7,4,2
Euro 2016,Nolito,Spain,Forward,277,1,1,30.3,32,7,1,4,2
Euro 2016,Aritz Aduriz,Spain,Forward,87,0,0,30.3,9.7,4,0,3,1
Euro 2016,Bruno Sori,Spain,Midfielder,56,0,0,27.2,7.3,2,1,1,0
Euro 2016,Thiago Motta,Spain,Midfielder,26,0,0,21.8,4,0,0,0,0
Euro 2016,Lucas,Spain,Midfielder,20,0,0,26,3.1,0,0,0,0
Euro 2016,Koke,Spain,Midfielder,19,0,0,25.9,3.2,0,0,0,0
Euro 2016,Pedre Rod,Spain,Forward,17,0,0,24,3,1,0,1,0
Euro 2016,Azpilicueta,Spain,Defender,9,0,0,30.7,1.3,0,0,0,0
Euro 2016,Ibrahimovic,Sweden,Forward,270,0,1,30.7,25.5,12,1,6,5
Euro 2016,Olsson,Sweden,Defender,270,0,0,29.2,30.4,0,0,0,0
Euro 2016,Lindelof,Sweden,Defender,270,0,0,29,28.2,0,0,0,0
Euro 2016,Granqvist,Sweden,Defender,270,0,0,27.9,27.5,1,0,0,1
Euro 2016,Kallstrom,Sweden,Midfielder,270,0,0,26.2,31.7,0,0,0,0
Euro 2016,Isaksson,Sweden,Goalkeeper,270,0,0,20.8,13.2,0,0,0,0
Euro 2016,Forsberg,Sweden,Forward,251,0,0,28.2,31.1,0,0,0,0
Euro 2016,S.Larsson,Sweden,Midfielder,250,0,0,28,30.4,2,0,1,1
Euro 2016,Berg,Sweden,Defender,226,0,0,32.1,23.2,2,1,1,0
Euro 2016,Ekdal,Sweden,Midfielder,173,0,0,31.9,21.5,2,1,1,0
Euro 2016,Guidetti,Sweden,Forward,143,0,0,28.8,17.3,1,0,1,0
Euro 2016,Berg,Sweden,Forward,127,0,0,28.5,14.2,2,1,1,0
Euro 2016,Lewicki,Sweden,Midfielder,97,0,0,28.6,10.9,0,0,0,0
Euro 2016,Lustig,Sweden,Defender,44,0,0,24,4.6,0,0,0,0
Euro 2016,Durmaz,Sweden,Midfielder,31,0,0,26.8,4.8,1,0,1,0
Euro 2016,Schar,Switzerland,Defender,390,1,0,27,39.5,0,0,0,0
Euro 2016,Lichtsteiner,Switzerland,Midfielder,390,0,0,29.8,45.7,2,1,0,1
Euro 2016,Rodriguez,Switzerland,Defender,390,0,0,29.6,42,9,3,1,5
Euro 2016,Djourou,Switzerland,Defender,390,0,0,29.2,38.5,3,1,1,1
Euro 2016,Xhaka,Switzerland,Midfielder,390,0,0,26,48.6,4,0,1,3
Euro 2016,Sommer,Switzerland,Goalkeeper,390,0,0,20.9,21.1,0,0,0,0
Euro 2016,Shaqiri,Switzerland,Midfielder,376,1,1,31.4,41.9,10,4,3,3
Euro 2016,Behrami,Switzerland,Midfielder,347,0,0,29.8,39.5,1,0,0,1
Euro 2016,Mehmedi,Switzerland,Forward,308,1,0,27.8,36.8,0,0,0,0
Euro 2016,Dzemaili,Switzerland,Midfielder,307,0,0,27,37.8,11,0,8,3
Euro 2016,Seferovic,Switzerland,Forward,289,0,0,29.2,32.4,9,5,3,1
Euro 2016,Embolo,Switzerland,Forward,191,0,0,27.5,21,0,0,0,0
Euro 2016,Fernandes,Switzerland,Midfielder,56,0,0,27.6,8,0,0,0,0
Euro 2016,Deriyok,Switzerland,Forward,50,0,1,26.6,5.9,3,1,1,1
Euro 2016,Frei,Switzerland,Midfielder,14,0,0,23.4,2.2,1,0,0,1
Euro 2016,Lang,Switzerland,Defender,11,0,0,28.4,2,0,0,0,0
Euro 2016,Ozan,Turkiye,Midfielder,270,1,0,31,30.1,3,2,1,0
Euro 2016,Mehmet,Turkiye,Midfielder,270,0,1,31,27.1,0,0,0,0
Euro 2016,Gokhan,Turkiye,Defender,270,0,0,30.3,29.3,0,0,0,0
Euro 2016,Hakan,Turkiye,Defender,270,0,0,25.7,26.1,1,0,1,0
Euro 2016,Volkan,Turkiye,Goalkeeper,270,0,0,14.1,12.2,0,0,0,0
Euro 2016,Selcuk,Turkiye,Midfielder,270,0,0,26.4,28.5,1,0,0,1
Euro 2016,Arda,Turkiye,Midfielder,245,0,0,28.2,28.1,4,0,3,1
Euro 2016,Burak,Turkiye,Midfielder,204,1,0,30.8,22.1,2,1,1,0
Euro 2016,Caner,Turkiye,Defender,180,0,0,30.5,20,1,1,0,0
Euro 2016,Oguzhan,Turkiye,Midfielder,136,0,0,25.7,17.5,0,0,0,0
Euro 2016,Calhanoglu,Turkiye,Midfielder,135,0,0,27.4,15.9,5,0,4,1
Euro 2016,Volkan Sen,Turkiye,Midfielder,106,0,0,29.1,11.5,1,0,0,1
Euro 2016,Emre,Turkiye,Midfielder,90,0,1,31.7,10.6,2,0,1,1
Euro 2016,Ismail,Turkiye,Defender,90,0,0,29.5,9.7,0,0,0,0
Euro 2016,Cenk,Turkiye,Forward,70,0,0,25.9,7.8,0,0,0,0
Euro 2016,Olcay,Turkiye,Midfielder,49,0,0,29.1,7.2,4,0,2,2
Euro 2016,Nuri,Turkiye,Defender,45,0,0,22.3,5.8,0,0,0,0
Euro 2016,Yunus,Turkiye,Midfielder,20,0,0,25,2.9,1,0,1,0
Euro 2016,Yarmolenko,Ukraine,Midfielder,270,0,0,29.5,32.8,6,3,1,2
Euro 2016,Fedetskiy,Ukraine,Defender,270,0,0,29.1,32.5,0,0,0,0
Euro 2016,Konoplyan,Ukraine,Midfielder,270,0,0,28.1,31.4,13,2,5,6
Euro 2016,Khacheridi,Ukraine,Defender,270,0,0,26.8,28,0,0,0,0
Euro 2016,Stepanenko,Ukraine,Midfielder,270,0,0,26.3,34.7,2,0,1,1
Euro 2016,Pyatov,Ukraine,Defender,270,0,0,22.6,13.2,0,0,0,0
Euro 2016,Shevchuk,Ukraine,Defender,180,0,0,30,21.1,3,0,3,0
Euro 2016,Rakitskyy,Ukraine,Defender,180,0,0,28,19,1,2,0,0
Euro 2016,Zozulya,Ukraine,Forward,174,0,0,26.7,20.8,4,2,1,1
Euro 2016,Kovalenko,Ukraine,Midfielder,173,0,0,27.8,22.2,2,0,2,0
Euro 2016,Sydorchuk,Ukraine,Midfielder,166,0,0,29,20,2,0,1,1
Euro 2016,Zinchenko,Ukraine,Defender,97,0,0,28.3,14.1,5,1,4,0
Euro 2016,Seleznyov,Ukraine,Forward,95,0,0,27.4,10.5,2,1,1,0
Euro 2016,Butko,Ukraine,Defender,90,0,0,30.3,11.3,0,0,0,0
Euro 2016,Rotan,Ukraine,Midfielder,90,0,0,29.8,11.2,1,1,0,0
Euro 2016,Kucher,Ukraine,Defender,90,0,0,27.3,10.4,0,0,0,0
Euro 2016,Garmash,Ukraine,Midfielder,14,0,0,23.6,2.7,0,0,0,0
Euro 2016,N.Taylor,Wales,Defender,540,1,0,31.2,59.6,5,3,1,1
Euro 2016,A.Williams,Wales,Defender,540,1,0,27,49.4,7,2,4,1
Euro 2016,Gunter,Wales,Defender,540,0,1,29.5,64.6,0,0,0,0
Euro 2016,Chester,Wales,Defender,540,0,0,28.7,55.2,0,0,0,0
Euro 2016,Bale,Wales,Forward,533,3,1,31.2,58.1,25,16,6,3
Euro 2016,Allen,Wales,Midfielder,524,0,1,28.6,65,2,0,1,1
Euro 2016,B.Davies,Wales,Defender,450,0,0,27.1,47.3,0,0,0,0
Euro 2016,Hennessey,Wales,Goalkeeper,450,0,0,17.9,23.2,0,0,0,0
Euro 2016,Ramsey,Wales,Midfielder,447,1,4,29.6,56.3,12,5,1,6
Euro 2016,Ledley,Wales,Midfielder,363,0,0,28.9,42.3,0,0,0,0
Euro 2016,Robson,Wales,Forward,269,2,0,29.5,29.7,0,0,0,0
Euro 2016,Vokes,Wales,Forward,187,1,0,26.2,20.2,8,3,5,0
Euro 2016,J.Williams,Wales,Midfielder,140,0,0,27.5,17.5,1,0,1,0
Euro 2016,King,Wales,Midfielder,116,0,0,28.6,15.3,1,0,0,1
Euro 2016,Edwards,Wales,Midfielder,108,0,0,25.7,14,0,0,0,0
Euro 2016,Ward,Wales,Goalkeeper,90,0,0,17.2,4.5,0,0,0,0
Euro 2016,Collins,Wales,Defender,67,0,0,25.1,6.6,0,0,0,0
Euro 2016,Church,Wales,Forward,34,0,0,27.4,4.8,0,0,0,0
Euro 2016,Richards,Wales,Defender,2,0,0,23.4,0.8,0,0,0,0
